province_code,order,number,name,hall_postcode,hall_town,meets_text,installation_text,source_url,directory_url,catalogue_url
london_metropolitan,craft_lodge,1,Grand Master’s Lodge,,Camden,,,https://catalogue.wmlmt.org.uk/wiki/Metropolitan_Grand_Lodge_London,,
london_metropolitan,craft_lodge,2,Lodge of Antiquity,,Camden,,,https://catalogue.wmlmt.org.uk/wiki/Metropolitan_Grand_Lodge_London,,
london_metropolitan,craft_lodge,3,Lodge of Fidelity,,Camden,,,https://catalogue.wmlmt.org.uk/wiki/Metropolitan_Grand_Lodge_London,,
london_metropolitan,craft_lodge,4,Royal Somerset House and Inverness Lodge,,Camden,,,https://catalogue.wmlmt.org.uk/wiki/Metropolitan_Grand_Lodge_London,,
london_metropolitan,craft_lodge,5,St. George’s and Corner Stone Lodge,,Camden,,,https://catalogue.wmlmt.org.uk/wiki/Metropolitan_Grand_Lodge_London,,
london_metropolitan,craft_lodge,6,Lodge of Friendship,,Camden,,,https://catalogue.wmlmt.org.uk/wiki/Metropolitan_Grand_Lodge_London,,
london_metropolitan,craft_lodge,7,Royal York Lodge of Perseverance,,Camden,,,https://catalogue.wmlmt.org.uk/wiki/Metropolitan_Grand_Lodge_London,,
london_metropolitan,craft_lodge,8,British Lodge,,Camden,,,https://catalogue.wmlmt.org.uk/wiki/Metropolitan_Grand_Lodge_London,,
london_metropolitan,craft_lodge,9,Albion Lodge,,Camden,,,https://catalogue.wmlmt.org.uk/wiki/Metropolitan_Grand_Lodge_London,,
london_metropolitan,craft_lodge,10,Westminster & Keystone Lodge,,Camden,,,https://catalogue.wmlmt.org.uk/wiki/Metropolitan_Grand_Lodge_London,,
london_metropolitan,craft_lodge,11,Enoch Lodge,,Camden,,,https://catalogue.wmlmt.org.uk/wiki/Metropolitan_Grand_Lodge_London,,
london_metropolitan,craft_lodge,12,Lodge of Fortitude and Old Cumberland,,Westminster,,,https://catalogue.wmlmt.org.uk/wiki/Metropolitan_Grand_Lodge_London,,
london_metropolitan,craft_lodge,14,Tuscan Lodge,,Camden,,,https://catalogue.wmlmt.org.uk/wiki/Metropolitan_Grand_Lodge_London,,
london_metropolitan,craft_lodge,15,Kent Lodge,,Camden,,,https://catalogue.wmlmt.org.uk/wiki/Metropolitan_Grand_Lodge_London,,
london_metropolitan,craft_lodge,16,Royal Alpha Lodge,,Camden,,,https://catalogue.wmlmt.org.uk/wiki/Metropolitan_Grand_Lodge_London,,
london_metropolitan,craft_lodge,18,Old Dundee Lodge,,Westminster,,,https://catalogue.wmlmt.org.uk/wiki/Metropolitan_Grand_Lodge_London,,
london_metropolitan,craft_lodge,19,Royal Athelstan Lodge,,City,,,https://catalogue.wmlmt.org.uk/wiki/Metropolitan_Grand_Lodge_London,,
london_metropolitan,craft_lodge,21,Lodge of Emulation,,City,,,https://catalogue.wmlmt.org.uk/wiki/Metropolitan_Grand_Lodge_London,,
london_metropolitan,craft_lodge,22,Neptune Lodge,,Camden,,,https://catalogue.wmlmt.org.uk/wiki/Metropolitan_Grand_Lodge_London,,
london_metropolitan,craft_lodge,23,Globe Lodge,,Camden,,,https://catalogue.wmlmt.org.uk/wiki/Metropolitan_Grand_Lodge_London,,
london_metropolitan,craft_lodge,25,Robert Burns Lodge,,Camden,,,https://catalogue.wmlmt.org.uk/wiki/Metropolitan_Grand_Lodge_London,,
london_metropolitan,craft_lodge,26,Castle Lodge of Harmony,,Westminster,,,https://catalogue.wmlmt.org.uk/wiki/Metropolitan_Grand_Lodge_London,,
london_metropolitan,craft_lodge,27,Egyptian Lodge,,Camden,,,https://catalogue.wmlmt.org.uk/wiki/Metropolitan_Grand_Lodge_London,,
london_metropolitan,craft_lodge,28,Old King’s Arms Lodge,,Camden,,,https://catalogue.wmlmt.org.uk/wiki/Metropolitan_Grand_Lodge_London,,
london_metropolitan,craft_lodge,29,St. Alban’s Lodge,,Camden,,,https://catalogue.wmlmt.org.uk/wiki/Metropolitan_Grand_Lodge_London,,
london_metropolitan,craft_lodge,30,United Mariners Lodge,,Camden,,,https://catalogue.wmlmt.org.uk/wiki/Metropolitan_Grand_Lodge_London,,
london_metropolitan,craft_lodge,33,Britannic Lodge,,Camden,,,https://catalogue.wmlmt.org.uk/wiki/Metropolitan_Grand_Lodge_London,,
london_metropolitan,craft_lodge,34,Mount Moriah Lodge,,City,,,https://catalogue.wmlmt.org.uk/wiki/Metropolitan_Grand_Lodge_London,,
london_metropolitan,craft_lodge,45,Strong Man Lodge,,Camden,,,https://catalogue.wmlmt.org.uk/wiki/Metropolitan_Grand_Lodge_London,,
london_metropolitan,craft_lodge,46,Old Union Lodge,,Camden,,,https://catalogue.wmlmt.org.uk/wiki/Metropolitan_Grand_Lodge_London,,
london_metropolitan,craft_lodge,49,Gihon Sancta Maria Lodge,,Westminster,,,https://catalogue.wmlmt.org.uk/wiki/Metropolitan_Grand_Lodge_London,,
london_metropolitan,craft_lodge,55,Constitutional Lodge,,Camden,,,https://catalogue.wmlmt.org.uk/wiki/Metropolitan_Grand_Lodge_London,,
london_metropolitan,craft_lodge,58,Lodge of Felicity,,Camden,,,https://catalogue.wmlmt.org.uk/wiki/Metropolitan_Grand_Lodge_London,,
london_metropolitan,craft_lodge,59,Royal Naval Lodge,,Camden,,,https://catalogue.wmlmt.org.uk/wiki/Metropolitan_Grand_Lodge_London,,
london_metropolitan,craft_lodge,60,Lodge of Peace and Harmony,,Camden,,,https://catalogue.wmlmt.org.uk/wiki/Metropolitan_Grand_Lodge_London,,
london_metropolitan,craft_lodge,63,St. Mary’s Lodge,,Camden,,,https://catalogue.wmlmt.org.uk/wiki/Metropolitan_Grand_Lodge_London,,
london_metropolitan,craft_lodge,65,Lodge of Prosperity,,Camden,,,https://catalogue.wmlmt.org.uk/wiki/Metropolitan_Grand_Lodge_London,,
london_metropolitan,craft_lodge,66,Grenadiers Lodge,,Camden,,,https://catalogue.wmlmt.org.uk/wiki/Metropolitan_Grand_Lodge_London,,
london_metropolitan,craft_lodge,69,Lodge of Unity,,Camden,,,https://catalogue.wmlmt.org.uk/wiki/Metropolitan_Grand_Lodge_London,,
london_metropolitan,craft_lodge,73,Mount Lebanon Lodge,,Camden,,,https://catalogue.wmlmt.org.uk/wiki/Metropolitan_Grand_Lodge_London,,
london_metropolitan,craft_lodge,79,Pythagorean Lodge,,Camden,,,https://catalogue.wmlmt.org.uk/wiki/Metropolitan_Grand_Lodge_London,,
london_metropolitan,craft_lodge,83,United Lodge of Prudence,,Waterloo,,,https://catalogue.wmlmt.org.uk/wiki/Metropolitan_Grand_Lodge_London,,
london_metropolitan,craft_lodge,87,Vitruvian Lodge,,Camden,,,https://catalogue.wmlmt.org.uk/wiki/Metropolitan_Grand_Lodge_London,,
london_metropolitan,craft_lodge,90,St. John’s Lodge,,Westminster,,,https://catalogue.wmlmt.org.uk/wiki/Metropolitan_Grand_Lodge_London,,
london_metropolitan,craft_lodge,91,Lodge of Regularity,,Camden,,,https://catalogue.wmlmt.org.uk/wiki/Metropolitan_Grand_Lodge_London,,
london_metropolitan,craft_lodge,92,Moira Lodge,,Camden,,,https://catalogue.wmlmt.org.uk/wiki/Metropolitan_Grand_Lodge_London,,
london_metropolitan,craft_lodge,95,Eastern Star Lodge,,Camden,,,https://catalogue.wmlmt.org.uk/wiki/Metropolitan_Grand_Lodge_London,,
london_metropolitan,craft_lodge,96,Burlington Lodge,,Westminster,,,https://catalogue.wmlmt.org.uk/wiki/Metropolitan_Grand_Lodge_London,,
london_metropolitan,craft_lodge,99,Shakespear Lodge,,City,,,https://catalogue.wmlmt.org.uk/wiki/Metropolitan_Grand_Lodge_London,,
london_metropolitan,craft_lodge,101,Temple Lodge,,Camden,,,https://catalogue.wmlmt.org.uk/wiki/Metropolitan_Grand_Lodge_London,,
london_metropolitan,craft_lodge,108,London Lodge,,Westminster,,,https://catalogue.wmlmt.org.uk/wiki/Metropolitan_Grand_Lodge_London,,
london_metropolitan,craft_lodge,109,Lodge of Industry and Perseverance,,Westminster,,,https://catalogue.wmlmt.org.uk/wiki/Metropolitan_Grand_Lodge_London,,
london_metropolitan,craft_lodge,134,Caledonian Lodge,,Camden,,,https://catalogue.wmlmt.org.uk/wiki/Metropolitan_Grand_Lodge_London,,
london_metropolitan,craft_lodge,136,Lodge of Good Report,,Camden,,,https://catalogue.wmlmt.org.uk/wiki/Metropolitan_Grand_Lodge_London,,
london_metropolitan,craft_lodge,140,Saint George’s Lodge,,Camden,,,https://catalogue.wmlmt.org.uk/wiki/Metropolitan_Grand_Lodge_London,,
london_metropolitan,craft_lodge,141,Lodge of Faith,,Southgate,,,https://catalogue.wmlmt.org.uk/wiki/Metropolitan_Grand_Lodge_London,,
london_metropolitan,craft_lodge,142,St. Thomas’s Lodge,,Camden,,,https://catalogue.wmlmt.org.uk/wiki/Metropolitan_Grand_Lodge_London,,
london_metropolitan,craft_lodge,143,Middlesex Lodge,,City,,,https://catalogue.wmlmt.org.uk/wiki/Metropolitan_Grand_Lodge_London,,
london_metropolitan,craft_lodge,144,St. Luke’s Lodge,,Camden,,,https://catalogue.wmlmt.org.uk/wiki/Metropolitan_Grand_Lodge_London,,
london_metropolitan,craft_lodge,145,United Lodge of Prudent Brethren,,Camden,,,https://catalogue.wmlmt.org.uk/wiki/Metropolitan_Grand_Lodge_London,,
london_metropolitan,craft_lodge,147,Lodge of Justice,,Camden,,,https://catalogue.wmlmt.org.uk/wiki/Metropolitan_Grand_Lodge_London,,
london_metropolitan,craft_lodge,157,Bedford Lodge,,Camden,,,https://catalogue.wmlmt.org.uk/wiki/Metropolitan_Grand_Lodge_London,,
london_metropolitan,craft_lodge,162,Cadogan Lodge,,Camden,,,https://catalogue.wmlmt.org.uk/wiki/Metropolitan_Grand_Lodge_London,,
london_metropolitan,craft_lodge,165,Lodge of Honor and Generosity,,Camden,,,https://catalogue.wmlmt.org.uk/wiki/Metropolitan_Grand_Lodge_London,,
london_metropolitan,craft_lodge,166,Lodge of Union,,Camden,,,https://catalogue.wmlmt.org.uk/wiki/Metropolitan_Grand_Lodge_London,,
london_metropolitan,craft_lodge,167,Saint John’s Lodge,,Camden,,,https://catalogue.wmlmt.org.uk/wiki/Metropolitan_Grand_Lodge_London,,
london_metropolitan,craft_lodge,171,Lodge of Amity,,Camden,,,https://catalogue.wmlmt.org.uk/wiki/Metropolitan_Grand_Lodge_London,,
london_metropolitan,craft_lodge,172,Old Concord Lodge,,Camden,,,https://catalogue.wmlmt.org.uk/wiki/Metropolitan_Grand_Lodge_London,,
london_metropolitan,craft_lodge,173,Phoenix Lodge,,Camden,,,https://catalogue.wmlmt.org.uk/wiki/Metropolitan_Grand_Lodge_London,,
london_metropolitan,craft_lodge,174,Lodge of Sincerity,,Camden,,,https://catalogue.wmlmt.org.uk/wiki/Metropolitan_Grand_Lodge_London,,
london_metropolitan,craft_lodge,176,Caveac Lodge,,Camden,,,https://catalogue.wmlmt.org.uk/wiki/Metropolitan_Grand_Lodge_London,,
london_metropolitan,craft_lodge,177,Domatic Lodge,,Camden,,,https://catalogue.wmlmt.org.uk/wiki/Metropolitan_Grand_Lodge_London,,
london_metropolitan,craft_lodge,179,Manchester Lodge,,Camden,,,https://catalogue.wmlmt.org.uk/wiki/Metropolitan_Grand_Lodge_London,,
london_metropolitan,craft_lodge,180,St. James’s Union Lodge,,Camden,,,https://catalogue.wmlmt.org.uk/wiki/Metropolitan_Grand_Lodge_London,,
london_metropolitan,craft_lodge,181,Universal Lodge,,Westminster,,,https://catalogue.wmlmt.org.uk/wiki/Metropolitan_Grand_Lodge_London,,
london_metropolitan,craft_lodge,183,Lodge of Unity,,Camden,,,https://catalogue.wmlmt.org.uk/wiki/Metropolitan_Grand_Lodge_London,,
london_metropolitan,craft_lodge,185,Lodge of Tranquility,,Camden,,,https://catalogue.wmlmt.org.uk/wiki/Metropolitan_Grand_Lodge_London,,
london_metropolitan,craft_lodge,186,Edward Alleyn Lodge of Industry,,Camden,,,https://catalogue.wmlmt.org.uk/wiki/Metropolitan_Grand_Lodge_London,,
london_metropolitan,craft_lodge,188,Lodge of Joppa,,Camden,,,https://catalogue.wmlmt.org.uk/wiki/Metropolitan_Grand_Lodge_London,,
london_metropolitan,craft_lodge,190,Oak Lodge,,Camden,,,https://catalogue.wmlmt.org.uk/wiki/Metropolitan_Grand_Lodge_London,,
london_metropolitan,craft_lodge,192,Lion and Lamb Lodge,,Camden,,,https://catalogue.wmlmt.org.uk/wiki/Metropolitan_Grand_Lodge_London,,
london_metropolitan,craft_lodge,193,Lodge of Confidence,,Camden,,,https://catalogue.wmlmt.org.uk/wiki/Metropolitan_Grand_Lodge_London,,
london_metropolitan,craft_lodge,194,St. Paul’s Lodge,,Southgate,,,https://catalogue.wmlmt.org.uk/wiki/Metropolitan_Grand_Lodge_London,,
london_metropolitan,craft_lodge,197,Jerusalem Lodge,,Westminster,,,https://catalogue.wmlmt.org.uk/wiki/Metropolitan_Grand_Lodge_London,,
london_metropolitan,craft_lodge,198,Percy Lodge,,Camden,,,https://catalogue.wmlmt.org.uk/wiki/Metropolitan_Grand_Lodge_London,,
london_metropolitan,craft_lodge,201,Jordan Lodge of Good Companions,,Camden,,,https://catalogue.wmlmt.org.uk/wiki/Metropolitan_Grand_Lodge_London,,
london_metropolitan,craft_lodge,205,Lodge of Israel,,Camden,,,https://catalogue.wmlmt.org.uk/wiki/Metropolitan_Grand_Lodge_London,,
london_metropolitan,craft_lodge,206,Lodge of Friendship,,Camden,,,https://catalogue.wmlmt.org.uk/wiki/Metropolitan_Grand_Lodge_London,,
london_metropolitan,craft_lodge,211,St. Michael’s Lodge,,Westminster,,,https://catalogue.wmlmt.org.uk/wiki/Metropolitan_Grand_Lodge_London,,
london_metropolitan,craft_lodge,212,Euphrates Lodge,,Camden,,,https://catalogue.wmlmt.org.uk/wiki/Metropolitan_Grand_Lodge_London,,
london_metropolitan,craft_lodge,217,Lodge of Stability,,Camden,,,https://catalogue.wmlmt.org.uk/wiki/Metropolitan_Grand_Lodge_London,,
london_metropolitan,craft_lodge,222,St. Andrew’s Lodge,,Westminster,,,https://catalogue.wmlmt.org.uk/wiki/Metropolitan_Grand_Lodge_London,,
london_metropolitan,craft_lodge,227,Ionic Lodge,,Camden,,,https://catalogue.wmlmt.org.uk/wiki/Metropolitan_Grand_Lodge_London,,
london_metropolitan,craft_lodge,228,Lodge of United Strength,,Camden,,,https://catalogue.wmlmt.org.uk/wiki/Metropolitan_Grand_Lodge_London,,
london_metropolitan,craft_lodge,229,Lodge of Humility with Fortitude,,Westminster,,,https://catalogue.wmlmt.org.uk/wiki/Metropolitan_Grand_Lodge_London,,
london_metropolitan,craft_lodge,231,St. Andrew's Lodge,,Westminster,,,https://catalogue.wmlmt.org.uk/wiki/Metropolitan_Grand_Lodge_London,,
london_metropolitan,craft_lodge,235,Lodge of the Nine Muses,,Westminster,,,https://catalogue.wmlmt.org.uk/wiki/Metropolitan_Grand_Lodge_London,,
london_metropolitan,craft_lodge,238,Pilgrim Lodge,,Camden,,,https://catalogue.wmlmt.org.uk/wiki/Metropolitan_Grand_Lodge_London,,
london_metropolitan,craft_lodge,256,Lodge of Unions,,Camden,,,https://catalogue.wmlmt.org.uk/wiki/Metropolitan_Grand_Lodge_London,,
london_metropolitan,craft_lodge,259,Prince of Wales’s Lodge,,Camden,,,https://catalogue.wmlmt.org.uk/wiki/Metropolitan_Grand_Lodge_London,,
london_metropolitan,craft_lodge,263,Bank of England Lodge,,Camden,,,https://catalogue.wmlmt.org.uk/wiki/Metropolitan_Grand_Lodge_London,,
london_metropolitan,craft_lodge,316,"Lodge of Unity, Peace, and Concord",,Camden,,,https://catalogue.wmlmt.org.uk/wiki/Metropolitan_Grand_Lodge_London,,
london_metropolitan,craft_lodge,415,Lodge Orion in the West,,Camden,,,https://catalogue.wmlmt.org.uk/wiki/Metropolitan_Grand_Lodge_London,,
london_metropolitan,craft_lodge,435,Salisbury Lodge,,City,,,https://catalogue.wmlmt.org.uk/wiki/Metropolitan_Grand_Lodge_London,,
london_metropolitan,craft_lodge,459,Himalayan Brotherhood Lodge,,Camden,,,https://catalogue.wmlmt.org.uk/wiki/Metropolitan_Grand_Lodge_London,,
london_metropolitan,craft_lodge,497,Social Friendship Lodge,,Camden,,,https://catalogue.wmlmt.org.uk/wiki/Metropolitan_Grand_Lodge_London,,
london_metropolitan,craft_lodge,507,Lodge of United Pilgrims,,Camden,,,https://catalogue.wmlmt.org.uk/wiki/Metropolitan_Grand_Lodge_London,,
london_metropolitan,craft_lodge,511,Zetland Lodge,,Camden,,,https://catalogue.wmlmt.org.uk/wiki/Metropolitan_Grand_Lodge_London,,
london_metropolitan,craft_lodge,534,Polish National Lodge,,Camden,,,https://catalogue.wmlmt.org.uk/wiki/Metropolitan_Grand_Lodge_London,,
london_metropolitan,craft_lodge,538,Lodge La Tolerance,,Camden,,,https://catalogue.wmlmt.org.uk/wiki/Metropolitan_Grand_Lodge_London,,
london_metropolitan,craft_lodge,548,Wellington Lodge,,Camden,,,https://catalogue.wmlmt.org.uk/wiki/Metropolitan_Grand_Lodge_London,,
london_metropolitan,craft_lodge,554,Yarborough Lodge,,Camden,,,https://catalogue.wmlmt.org.uk/wiki/Metropolitan_Grand_Lodge_London,,
london_metropolitan,craft_lodge,569,FitzRoy Lodge,,Islington,,,https://catalogue.wmlmt.org.uk/wiki/Metropolitan_Grand_Lodge_London,,
london_metropolitan,craft_lodge,582,Khyber Lodge,,Westminster,,,https://catalogue.wmlmt.org.uk/wiki/Metropolitan_Grand_Lodge_London,,
london_metropolitan,craft_lodge,619,Beadon Lodge,,Camden,,,https://catalogue.wmlmt.org.uk/wiki/Metropolitan_Grand_Lodge_London,,
london_metropolitan,craft_lodge,657,Canonbury Lodge,,Camden,,,https://catalogue.wmlmt.org.uk/wiki/Metropolitan_Grand_Lodge_London,,
london_metropolitan,craft_lodge,700,Nelson Lodge,,Camden,,,https://catalogue.wmlmt.org.uk/wiki/Metropolitan_Grand_Lodge_London,,
london_metropolitan,craft_lodge,704,Camden Lodge,,Camden,,,https://catalogue.wmlmt.org.uk/wiki/Metropolitan_Grand_Lodge_London,,
london_metropolitan,craft_lodge,706,Florence Nightingale Lodge,,Camden,,,https://catalogue.wmlmt.org.uk/wiki/Metropolitan_Grand_Lodge_London,,
london_metropolitan,craft_lodge,720,Panmure Lodge,,Camden,,,https://catalogue.wmlmt.org.uk/wiki/Metropolitan_Grand_Lodge_London,,
london_metropolitan,craft_lodge,733,Westbourne Lodge,,Westminster,,,https://catalogue.wmlmt.org.uk/wiki/Metropolitan_Grand_Lodge_London,,
london_metropolitan,craft_lodge,742,Crystal Palace Lodge,,Camden,,,https://catalogue.wmlmt.org.uk/wiki/Metropolitan_Grand_Lodge_London,,
london_metropolitan,craft_lodge,753,Ethical Lodge,,Camden,,,https://catalogue.wmlmt.org.uk/wiki/Metropolitan_Grand_Lodge_London,,
london_metropolitan,craft_lodge,754,High Cross Lodge,,Westminster,,,https://catalogue.wmlmt.org.uk/wiki/Metropolitan_Grand_Lodge_London,,
london_metropolitan,craft_lodge,765,Lodge of St. James,,Camden,,,https://catalogue.wmlmt.org.uk/wiki/Metropolitan_Grand_Lodge_London,,
london_metropolitan,craft_lodge,766,William Preston Lodge,,Camden,,,https://catalogue.wmlmt.org.uk/wiki/Metropolitan_Grand_Lodge_London,,
london_metropolitan,craft_lodge,780,Royal Alfred Lodge,,Westminster,,,https://catalogue.wmlmt.org.uk/wiki/Metropolitan_Grand_Lodge_London,,
london_metropolitan,craft_lodge,781,Merchant Navy Lodge,,Camden,,,https://catalogue.wmlmt.org.uk/wiki/Metropolitan_Grand_Lodge_London,,
london_metropolitan,craft_lodge,813,New Concord Lodge,,Camden,,,https://catalogue.wmlmt.org.uk/wiki/Metropolitan_Grand_Lodge_London,,
london_metropolitan,craft_lodge,822,Victoria Rifles Lodge,,Westminster,,,https://catalogue.wmlmt.org.uk/wiki/Metropolitan_Grand_Lodge_London,,
london_metropolitan,craft_lodge,834,Ranelagh Lodge,,Camden,,,https://catalogue.wmlmt.org.uk/wiki/Metropolitan_Grand_Lodge_London,,
london_metropolitan,craft_lodge,857,St. Mark’s Lodge,,Westminster,,,https://catalogue.wmlmt.org.uk/wiki/Metropolitan_Grand_Lodge_London,,
london_metropolitan,craft_lodge,861,Lillistone Manor and Finsbury Lodge,,Westminster,,,https://catalogue.wmlmt.org.uk/wiki/Metropolitan_Grand_Lodge_London,,
london_metropolitan,craft_lodge,862,Whittington Lodge,,Camden,,,https://catalogue.wmlmt.org.uk/wiki/Metropolitan_Grand_Lodge_London,,
london_metropolitan,craft_lodge,871,Royal Oak Lodge,,Westminster,,,https://catalogue.wmlmt.org.uk/wiki/Metropolitan_Grand_Lodge_London,,
london_metropolitan,craft_lodge,879,Southwark Lodge,,Camden,,,https://catalogue.wmlmt.org.uk/wiki/Metropolitan_Grand_Lodge_London,,
london_metropolitan,craft_lodge,890,Hornsey Lodge,,City,,,https://catalogue.wmlmt.org.uk/wiki/Metropolitan_Grand_Lodge_London,,
london_metropolitan,craft_lodge,898,Lodge of Temperance in the East,,Camden,,,https://catalogue.wmlmt.org.uk/wiki/Metropolitan_Grand_Lodge_London,,
london_metropolitan,craft_lodge,901,City of London and Baltic Lodge,,Camden,,,https://catalogue.wmlmt.org.uk/wiki/Metropolitan_Grand_Lodge_London,,
london_metropolitan,craft_lodge,902,Burgoyne Lodge,,Camden,,,https://catalogue.wmlmt.org.uk/wiki/Metropolitan_Grand_Lodge_London,,
london_metropolitan,craft_lodge,907,Royal Albert Lodge,,Camden,,,https://catalogue.wmlmt.org.uk/wiki/Metropolitan_Grand_Lodge_London,,
london_metropolitan,craft_lodge,933,Doric Lodge,,Camden,,,https://catalogue.wmlmt.org.uk/wiki/Metropolitan_Grand_Lodge_London,,
london_metropolitan,craft_lodge,969,Maybury Lodge,,Camden,,,https://catalogue.wmlmt.org.uk/wiki/Metropolitan_Grand_Lodge_London,,
london_metropolitan,craft_lodge,975,Rose of Denmark Lodge,,Camden,,,https://catalogue.wmlmt.org.uk/wiki/Metropolitan_Grand_Lodge_London,,
london_metropolitan,craft_lodge,1027,Shanghai Tuscan Lodge,,Camden,,,https://catalogue.wmlmt.org.uk/wiki/Metropolitan_Grand_Lodge_London,,
london_metropolitan,craft_lodge,1044,Wandsworth Lodge,,Camden,,,https://catalogue.wmlmt.org.uk/wiki/Metropolitan_Grand_Lodge_London,,
london_metropolitan,craft_lodge,1056,Victoria Lodge,,Camden,,,https://catalogue.wmlmt.org.uk/wiki/Metropolitan_Grand_Lodge_London,,
london_metropolitan,craft_lodge,1105,Grecia Lodge,,Camden,,,https://catalogue.wmlmt.org.uk/wiki/Metropolitan_Grand_Lodge_London,,
london_metropolitan,craft_lodge,1118,Oxford and Cambridge University Lodge,,Westminster,,,https://catalogue.wmlmt.org.uk/wiki/Metropolitan_Grand_Lodge_London,,
london_metropolitan,craft_lodge,1139,South Norwood Lodge,,Camden,,,https://catalogue.wmlmt.org.uk/wiki/Metropolitan_Grand_Lodge_London,,
london_metropolitan,craft_lodge,1150,Buckingham and Chandos Lodge,,Camden,,,https://catalogue.wmlmt.org.uk/wiki/Metropolitan_Grand_Lodge_London,,
london_metropolitan,craft_lodge,1155,Excelsior and Dedication Lodge,,Southgate,,,https://catalogue.wmlmt.org.uk/wiki/Metropolitan_Grand_Lodge_London,,
london_metropolitan,craft_lodge,1158,Southern Star Lodge,,Camden,,,https://catalogue.wmlmt.org.uk/wiki/Metropolitan_Grand_Lodge_London,,
london_metropolitan,craft_lodge,1159,Marquis of Dalhousie Lodge,,Westminster,,,https://catalogue.wmlmt.org.uk/wiki/Metropolitan_Grand_Lodge_London,,
london_metropolitan,craft_lodge,1160,Lodge of Temperance and Benevolence,,Camden,,,https://catalogue.wmlmt.org.uk/wiki/Metropolitan_Grand_Lodge_London,,
london_metropolitan,craft_lodge,1178,Perfect Ashlar Lodge,,Camden,,,https://catalogue.wmlmt.org.uk/wiki/Metropolitan_Grand_Lodge_London,,
london_metropolitan,craft_lodge,1185,Lewis Lodge,,Camden,,,https://catalogue.wmlmt.org.uk/wiki/Metropolitan_Grand_Lodge_London,,
london_metropolitan,craft_lodge,1201,Eclectic Lodge,,Camden,,,https://catalogue.wmlmt.org.uk/wiki/Metropolitan_Grand_Lodge_London,,
london_metropolitan,craft_lodge,1216,Macdonald Lodge,,Camden,,,https://catalogue.wmlmt.org.uk/wiki/Metropolitan_Grand_Lodge_London,,
london_metropolitan,craft_lodge,1257,Grosvenor Lodge,,Camden,,,https://catalogue.wmlmt.org.uk/wiki/Metropolitan_Grand_Lodge_London,,
london_metropolitan,craft_lodge,1259,Duke of Edinburgh Lodge,,Camden,,,https://catalogue.wmlmt.org.uk/wiki/Metropolitan_Grand_Lodge_London,,
london_metropolitan,craft_lodge,1261,Golden Rule Lodge,,Camden,,,https://catalogue.wmlmt.org.uk/wiki/Metropolitan_Grand_Lodge_London,,
london_metropolitan,craft_lodge,1268,Rangoon and Ormond-Iles Lodge,,Camden,,,https://catalogue.wmlmt.org.uk/wiki/Metropolitan_Grand_Lodge_London,,
london_metropolitan,craft_lodge,1269,Stanhope Lodge,,Camden,,,https://catalogue.wmlmt.org.uk/wiki/Metropolitan_Grand_Lodge_London,,
london_metropolitan,craft_lodge,1278,Burdett-Coutts Lodge,,Camden,,,https://catalogue.wmlmt.org.uk/wiki/Metropolitan_Grand_Lodge_London,,
london_metropolitan,craft_lodge,1298,Royal Standard Lodge,,Camden,,,https://catalogue.wmlmt.org.uk/wiki/Metropolitan_Grand_Lodge_London,,
london_metropolitan,craft_lodge,1305,St. Marylebone Lodge,,Camden,,,https://catalogue.wmlmt.org.uk/wiki/Metropolitan_Grand_Lodge_London,,
london_metropolitan,craft_lodge,1306,Lodge of St. John,,Westminster,,,https://catalogue.wmlmt.org.uk/wiki/Metropolitan_Grand_Lodge_London,,
london_metropolitan,craft_lodge,1319,Lodge of Asaph,,Camden,,,https://catalogue.wmlmt.org.uk/wiki/Metropolitan_Grand_Lodge_London,,
london_metropolitan,craft_lodge,1321,Emblematic Lodge,,Westminster,,,https://catalogue.wmlmt.org.uk/wiki/Metropolitan_Grand_Lodge_London,,
london_metropolitan,craft_lodge,1328,Granite Lodge,,Westminster,,,https://catalogue.wmlmt.org.uk/wiki/Metropolitan_Grand_Lodge_London,,
london_metropolitan,craft_lodge,1329,Sphinx Lodge,,Westminster,,,https://catalogue.wmlmt.org.uk/wiki/Metropolitan_Grand_Lodge_London,,
london_metropolitan,craft_lodge,1349,Friars Lodge,,Camden,,,https://catalogue.wmlmt.org.uk/wiki/Metropolitan_Grand_Lodge_London,,
london_metropolitan,craft_lodge,1351,St. Clement Danes Lodge,,Camden,,,https://catalogue.wmlmt.org.uk/wiki/Metropolitan_Grand_Lodge_London,,
london_metropolitan,craft_lodge,1360,Royal Arthur Lodge,,Camden,,,https://catalogue.wmlmt.org.uk/wiki/Metropolitan_Grand_Lodge_London,,
london_metropolitan,craft_lodge,1361,United Service Lodge,,Camden,,,https://catalogue.wmlmt.org.uk/wiki/Metropolitan_Grand_Lodge_London,,
london_metropolitan,craft_lodge,1366,Highgate Lodge,,Camden,,,https://catalogue.wmlmt.org.uk/wiki/Metropolitan_Grand_Lodge_London,,
london_metropolitan,craft_lodge,1374,Sandeman Lodge,,Camden,,,https://catalogue.wmlmt.org.uk/wiki/Metropolitan_Grand_Lodge_London,,
london_metropolitan,craft_lodge,1381,Kennington Lodge,,Camden,,,https://catalogue.wmlmt.org.uk/wiki/Metropolitan_Grand_Lodge_London,,
london_metropolitan,craft_lodge,1382,Corinthian Lodge,,Westminster,,,https://catalogue.wmlmt.org.uk/wiki/Metropolitan_Grand_Lodge_London,,
london_metropolitan,craft_lodge,1383,Friends in Council Lodge,,Westminster,,,https://catalogue.wmlmt.org.uk/wiki/Metropolitan_Grand_Lodge_London,,
london_metropolitan,craft_lodge,1397,Anerley Lodge,,Penge,,,https://catalogue.wmlmt.org.uk/wiki/Metropolitan_Grand_Lodge_London,,
london_metropolitan,craft_lodge,1420,Earl Spencer Lodge,,Camden,,,https://catalogue.wmlmt.org.uk/wiki/Metropolitan_Grand_Lodge_London,,
london_metropolitan,craft_lodge,1425,Hyde Park Lodge,,Westminster,,,https://catalogue.wmlmt.org.uk/wiki/Metropolitan_Grand_Lodge_London,,
london_metropolitan,craft_lodge,1426,Great City Lodge,,City,,,https://catalogue.wmlmt.org.uk/wiki/Metropolitan_Grand_Lodge_London,,
london_metropolitan,craft_lodge,1445,Prince Leopold Lodge,,Westminster,,,https://catalogue.wmlmt.org.uk/wiki/Metropolitan_Grand_Lodge_London,,
london_metropolitan,craft_lodge,1471,Islington Lodge,,Camden,,,https://catalogue.wmlmt.org.uk/wiki/Metropolitan_Grand_Lodge_London,,
london_metropolitan,craft_lodge,1472,Henley Lodge,,Camden,,,https://catalogue.wmlmt.org.uk/wiki/Metropolitan_Grand_Lodge_London,,
london_metropolitan,craft_lodge,1489,Royal Edward Lodge,,Camden,,,https://catalogue.wmlmt.org.uk/wiki/Metropolitan_Grand_Lodge_London,,
london_metropolitan,craft_lodge,1506,White Horse of Kent Lodge,,Westminster,,,https://catalogue.wmlmt.org.uk/wiki/Metropolitan_Grand_Lodge_London,,
london_metropolitan,craft_lodge,1507,Metropolitan Lodge,,Camden,,,https://catalogue.wmlmt.org.uk/wiki/Metropolitan_Grand_Lodge_London,,
london_metropolitan,craft_lodge,1523,St. Mary Magdalen Lodge,,Camden,,,https://catalogue.wmlmt.org.uk/wiki/Metropolitan_Grand_Lodge_London,,
london_metropolitan,craft_lodge,1524,Duke of Connaught Lodge,,Westminster,,,https://catalogue.wmlmt.org.uk/wiki/Metropolitan_Grand_Lodge_London,,
london_metropolitan,craft_lodge,1538,St. Martin’s.Le-Grand Lodge,,Westminster,,,https://catalogue.wmlmt.org.uk/wiki/Metropolitan_Grand_Lodge_London,,
london_metropolitan,craft_lodge,1539,Cannon Lodge,,Camden,,,https://catalogue.wmlmt.org.uk/wiki/Metropolitan_Grand_Lodge_London,,
london_metropolitan,craft_lodge,1540,Chaucer Lodge,,Camden,,,https://catalogue.wmlmt.org.uk/wiki/Metropolitan_Grand_Lodge_London,,
london_metropolitan,craft_lodge,1541,Alexandra Palace Lodge,,Westminster,,,https://catalogue.wmlmt.org.uk/wiki/Metropolitan_Grand_Lodge_London,,
london_metropolitan,craft_lodge,1558,Duke of Connaught Lodge,,Camden,,,https://catalogue.wmlmt.org.uk/wiki/Metropolitan_Grand_Lodge_London,,
london_metropolitan,craft_lodge,1559,New Cross Lodge,,Southgate,,,https://catalogue.wmlmt.org.uk/wiki/Metropolitan_Grand_Lodge_London,,
london_metropolitan,craft_lodge,1563,City of Westminster Lodge,,Camden,,,https://catalogue.wmlmt.org.uk/wiki/Metropolitan_Grand_Lodge_London,,
london_metropolitan,craft_lodge,1571,Leopold Lodge,,Westminster,,,https://catalogue.wmlmt.org.uk/wiki/Metropolitan_Grand_Lodge_London,,
london_metropolitan,craft_lodge,1572,Carnarvon Lodge,,Camden,,,https://catalogue.wmlmt.org.uk/wiki/Metropolitan_Grand_Lodge_London,,
london_metropolitan,craft_lodge,1585,Royal Commemoration Lodge,,Camden,,,https://catalogue.wmlmt.org.uk/wiki/Metropolitan_Grand_Lodge_London,,
london_metropolitan,craft_lodge,1591,United Studholme Alliance Lodge,,Westminster,,,https://catalogue.wmlmt.org.uk/wiki/Metropolitan_Grand_Lodge_London,,
london_metropolitan,craft_lodge,1593,Royal Naval College and United Service Lodge,,Camden,,,https://catalogue.wmlmt.org.uk/wiki/Metropolitan_Grand_Lodge_London,,
london_metropolitan,craft_lodge,1601,Ravensbourne Lodge,,Camden,,,https://catalogue.wmlmt.org.uk/wiki/Metropolitan_Grand_Lodge_London,,
london_metropolitan,craft_lodge,1607,Lodge of Loyalty,,Westminster,,,https://catalogue.wmlmt.org.uk/wiki/Metropolitan_Grand_Lodge_London,,
london_metropolitan,craft_lodge,1612,West Middlesex Lodge,,Westminster,,,https://catalogue.wmlmt.org.uk/wiki/Metropolitan_Grand_Lodge_London,,
london_metropolitan,craft_lodge,1614,Covent Garden Lodge,,Southgate,,,https://catalogue.wmlmt.org.uk/wiki/Metropolitan_Grand_Lodge_London,,
london_metropolitan,craft_lodge,1623,West Smithfield Lodge,,Camden,,,https://catalogue.wmlmt.org.uk/wiki/Metropolitan_Grand_Lodge_London,,
london_metropolitan,craft_lodge,1625,Tredegar Lodge,,Camden,,,https://catalogue.wmlmt.org.uk/wiki/Metropolitan_Grand_Lodge_London,,
london_metropolitan,craft_lodge,1627,Royal Kensington Lodge,,Camden,,,https://catalogue.wmlmt.org.uk/wiki/Metropolitan_Grand_Lodge_London,,
london_metropolitan,craft_lodge,1635,Canterbury Lodge,,Camden,,,https://catalogue.wmlmt.org.uk/wiki/Metropolitan_Grand_Lodge_London,,
london_metropolitan,craft_lodge,1641,Crichton Lodge,,Camden,,,https://catalogue.wmlmt.org.uk/wiki/Metropolitan_Grand_Lodge_London,,
london_metropolitan,craft_lodge,1642,Earl of Carnarvon Lodge,,Tower Hamlets,,,https://catalogue.wmlmt.org.uk/wiki/Metropolitan_Grand_Lodge_London,,
london_metropolitan,craft_lodge,1657,Arts and Aldersgate Lodge,,Westminster,,,https://catalogue.wmlmt.org.uk/wiki/Metropolitan_Grand_Lodge_London,,
london_metropolitan,craft_lodge,1662,Beaconsfield Lodge,,Tower Hamlets,,,https://catalogue.wmlmt.org.uk/wiki/Metropolitan_Grand_Lodge_London,,
london_metropolitan,craft_lodge,1669,Royal Leopold Lodge,,Westminster,,,https://catalogue.wmlmt.org.uk/wiki/Metropolitan_Grand_Lodge_London,,
london_metropolitan,craft_lodge,1670,Adelphi Lodge,,Camden,,,https://catalogue.wmlmt.org.uk/wiki/Metropolitan_Grand_Lodge_London,,
london_metropolitan,craft_lodge,1671,Mizpah Lodge,,Camden,,,https://catalogue.wmlmt.org.uk/wiki/Metropolitan_Grand_Lodge_London,,
london_metropolitan,craft_lodge,1672,Mornington Lodge,,Camden,,,https://catalogue.wmlmt.org.uk/wiki/Metropolitan_Grand_Lodge_London,,
london_metropolitan,craft_lodge,1673,Welcome Lodge,,Westminster,,,https://catalogue.wmlmt.org.uk/wiki/Metropolitan_Grand_Lodge_London,,
london_metropolitan,craft_lodge,1677,Crusaders Lodge,,Camden,,,https://catalogue.wmlmt.org.uk/wiki/Metropolitan_Grand_Lodge_London,,
london_metropolitan,craft_lodge,1679,Henry Muggeridge Lodge,,Camden,,,https://catalogue.wmlmt.org.uk/wiki/Metropolitan_Grand_Lodge_London,,
london_metropolitan,craft_lodge,1685,Guelph Lodge,,Kenton,,,https://catalogue.wmlmt.org.uk/wiki/Metropolitan_Grand_Lodge_London,,
london_metropolitan,craft_lodge,1686,Paxton Lodge,,Camden,,,https://catalogue.wmlmt.org.uk/wiki/Metropolitan_Grand_Lodge_London,,
london_metropolitan,craft_lodge,1687,Rothesay Lodge,,Penge,,,https://catalogue.wmlmt.org.uk/wiki/Metropolitan_Grand_Lodge_London,,
london_metropolitan,craft_lodge,1693,Kingsland Lodge,,Tower Hamlets,,,https://catalogue.wmlmt.org.uk/wiki/Metropolitan_Grand_Lodge_London,,
london_metropolitan,craft_lodge,1694,Imperial Lodge,,Camden,,,https://catalogue.wmlmt.org.uk/wiki/Metropolitan_Grand_Lodge_London,,
london_metropolitan,craft_lodge,1695,New Finsbury Park Lodge,,Camden,,,https://catalogue.wmlmt.org.uk/wiki/Metropolitan_Grand_Lodge_London,,
london_metropolitan,craft_lodge,1704,Anchor Lodge,,City,,,https://catalogue.wmlmt.org.uk/wiki/Metropolitan_Grand_Lodge_London,,
london_metropolitan,craft_lodge,1708,Plucknett Lodge,,Southgate,,,https://catalogue.wmlmt.org.uk/wiki/Metropolitan_Grand_Lodge_London,,
london_metropolitan,craft_lodge,1718,Centurion Lodge,,Camden,,,https://catalogue.wmlmt.org.uk/wiki/Metropolitan_Grand_Lodge_London,,
london_metropolitan,craft_lodge,1719,Evening Star Lodge,,Camden,,,https://catalogue.wmlmt.org.uk/wiki/Metropolitan_Grand_Lodge_London,,
london_metropolitan,craft_lodge,1724,Kaisar-i-Hind Lodge,,Westminster,,,https://catalogue.wmlmt.org.uk/wiki/Metropolitan_Grand_Lodge_London,,
london_metropolitan,craft_lodge,1731,Cholmeley Lodge,,City,,,https://catalogue.wmlmt.org.uk/wiki/Metropolitan_Grand_Lodge_London,,
london_metropolitan,craft_lodge,1732,King’s Cross Lodge,,Camden,,,https://catalogue.wmlmt.org.uk/wiki/Metropolitan_Grand_Lodge_London,,
london_metropolitan,craft_lodge,1743,Lodge of Perseverance,,Camden,,,https://catalogue.wmlmt.org.uk/wiki/Metropolitan_Grand_Lodge_London,,
london_metropolitan,craft_lodge,1744,Royal Savoy Lodge,,Camden,,,https://catalogue.wmlmt.org.uk/wiki/Metropolitan_Grand_Lodge_London,,
london_metropolitan,craft_lodge,1745,Farringdom Without Lodge,,Camden,,,https://catalogue.wmlmt.org.uk/wiki/Metropolitan_Grand_Lodge_London,,
london_metropolitan,craft_lodge,1765,Trinity College Lodge,,Westminster,,,https://catalogue.wmlmt.org.uk/wiki/Metropolitan_Grand_Lodge_London,,
london_metropolitan,craft_lodge,1766,St. Leonard Lodge,,Camden,,,https://catalogue.wmlmt.org.uk/wiki/Metropolitan_Grand_Lodge_London,,
london_metropolitan,craft_lodge,1767,Kensington Lodge,,Camden,,,https://catalogue.wmlmt.org.uk/wiki/Metropolitan_Grand_Lodge_London,,
london_metropolitan,craft_lodge,1768,Lodge of Progress,,Camden,,,https://catalogue.wmlmt.org.uk/wiki/Metropolitan_Grand_Lodge_London,,
london_metropolitan,craft_lodge,1772,Pimlico Lodge,,Camden,,,https://catalogue.wmlmt.org.uk/wiki/Metropolitan_Grand_Lodge_London,,
london_metropolitan,craft_lodge,1789,Ubique Lodge,,Camden,,,https://catalogue.wmlmt.org.uk/wiki/Metropolitan_Grand_Lodge_London,,
london_metropolitan,craft_lodge,1803,Cornhill Lodge,,Waterloo,,,https://catalogue.wmlmt.org.uk/wiki/Metropolitan_Grand_Lodge_London,,
london_metropolitan,craft_lodge,1804,Coborn Lodge,,Chingford,,,https://catalogue.wmlmt.org.uk/wiki/Metropolitan_Grand_Lodge_London,,
london_metropolitan,craft_lodge,1805,Bromley St. Leonard Lodge,,Westminster,,,https://catalogue.wmlmt.org.uk/wiki/Metropolitan_Grand_Lodge_London,,
london_metropolitan,craft_lodge,1818,Clapham Lodge,,Camden,,,https://catalogue.wmlmt.org.uk/wiki/Metropolitan_Grand_Lodge_London,,
london_metropolitan,craft_lodge,1820,Sir Thomas White Lodge,,Westminster,,,https://catalogue.wmlmt.org.uk/wiki/Metropolitan_Grand_Lodge_London,,
london_metropolitan,craft_lodge,1828,Shepherd’s Bush Lodge,,Camden,,,https://catalogue.wmlmt.org.uk/wiki/Metropolitan_Grand_Lodge_London,,
london_metropolitan,craft_lodge,1839,Duke of Cornwall Lodge,,Camden,,,https://catalogue.wmlmt.org.uk/wiki/Metropolitan_Grand_Lodge_London,,
london_metropolitan,craft_lodge,1853,Caxton Lodge,,Camden,,,https://catalogue.wmlmt.org.uk/wiki/Metropolitan_Grand_Lodge_London,,
london_metropolitan,craft_lodge,1871,Gostling Murray Lodge,,Westminster,,,https://catalogue.wmlmt.org.uk/wiki/Metropolitan_Grand_Lodge_London,,
london_metropolitan,craft_lodge,1891,St. Ambrose Lodge,,Camden,,,https://catalogue.wmlmt.org.uk/wiki/Metropolitan_Grand_Lodge_London,,
london_metropolitan,craft_lodge,1910,Shadwell Clerke Lodge,,Camden,,,https://catalogue.wmlmt.org.uk/wiki/Metropolitan_Grand_Lodge_London,,
london_metropolitan,craft_lodge,1920,Eurydice Lodge,,Ealing,,,https://catalogue.wmlmt.org.uk/wiki/Metropolitan_Grand_Lodge_London,,
london_metropolitan,craft_lodge,1922,Earl of Lathom Lodge,,Westminster,,,https://catalogue.wmlmt.org.uk/wiki/Metropolitan_Grand_Lodge_London,,
london_metropolitan,craft_lodge,1928,Gallery Lodge,,Camden,,,https://catalogue.wmlmt.org.uk/wiki/Metropolitan_Grand_Lodge_London,,
london_metropolitan,craft_lodge,1949,Brixton Lodge,,Tower Hamlets,,,https://catalogue.wmlmt.org.uk/wiki/Metropolitan_Grand_Lodge_London,,
london_metropolitan,craft_lodge,1950,Southgate Lodge,,Southgate,,,https://catalogue.wmlmt.org.uk/wiki/Metropolitan_Grand_Lodge_London,,
london_metropolitan,craft_lodge,1962,London Rifle Brigade Lodge,,Westminster,,,https://catalogue.wmlmt.org.uk/wiki/Metropolitan_Grand_Lodge_London,,
london_metropolitan,craft_lodge,1964,Clerkenwell Lodge,,Camden,,,https://catalogue.wmlmt.org.uk/wiki/Metropolitan_Grand_Lodge_London,,
london_metropolitan,craft_lodge,1965,Eastes Lodge,,Westminster,,,https://catalogue.wmlmt.org.uk/wiki/Metropolitan_Grand_Lodge_London,,
london_metropolitan,craft_lodge,1969,Waldeck Lodge,,Camden,,,https://catalogue.wmlmt.org.uk/wiki/Metropolitan_Grand_Lodge_London,,
london_metropolitan,craft_lodge,1974,St. Mary Abbott’s Lodge,,Ealing,,,https://catalogue.wmlmt.org.uk/wiki/Metropolitan_Grand_Lodge_London,,
london_metropolitan,craft_lodge,1987,Strand Lodge,,Camden,,,https://catalogue.wmlmt.org.uk/wiki/Metropolitan_Grand_Lodge_London,,
london_metropolitan,craft_lodge,1996,Priory Lodge of Acton,,Ealing,,,https://catalogue.wmlmt.org.uk/wiki/Metropolitan_Grand_Lodge_London,,
london_metropolitan,craft_lodge,1997,John Carpenter Lodge,,Westminster,,,https://catalogue.wmlmt.org.uk/wiki/Metropolitan_Grand_Lodge_London,,
london_metropolitan,craft_lodge,2000,Earl of Mornington Lodge,,City,,,https://catalogue.wmlmt.org.uk/wiki/Metropolitan_Grand_Lodge_London,,
london_metropolitan,craft_lodge,2020,St. Botolph’s Lodge,,Camden,,,https://catalogue.wmlmt.org.uk/wiki/Metropolitan_Grand_Lodge_London,,
london_metropolitan,craft_lodge,2030,Abbey Lodge Westminster,,Camden,,,https://catalogue.wmlmt.org.uk/wiki/Metropolitan_Grand_Lodge_London,,
london_metropolitan,craft_lodge,2033,University of London Lodge,,Camden,,,https://catalogue.wmlmt.org.uk/wiki/Metropolitan_Grand_Lodge_London,,
london_metropolitan,craft_lodge,2060,La France Lodge,,Camden,,,https://catalogue.wmlmt.org.uk/wiki/Metropolitan_Grand_Lodge_London,,
london_metropolitan,craft_lodge,2076,Quatuor Coronati Lodge,,Camden,,,https://catalogue.wmlmt.org.uk/wiki/Metropolitan_Grand_Lodge_London,,
london_metropolitan,craft_lodge,2094,Elthorne and Middlesex Lodge,,Camden,,,https://catalogue.wmlmt.org.uk/wiki/Metropolitan_Grand_Lodge_London,,
london_metropolitan,craft_lodge,2098,Harlesden Lodge,,Camden,,,https://catalogue.wmlmt.org.uk/wiki/Metropolitan_Grand_Lodge_London,,
london_metropolitan,craft_lodge,2108,Empire Lodge,,Camden,,,https://catalogue.wmlmt.org.uk/wiki/Metropolitan_Grand_Lodge_London,,
london_metropolitan,craft_lodge,2127,Drury Lane Lodge,,Westminster,,,https://catalogue.wmlmt.org.uk/wiki/Metropolitan_Grand_Lodge_London,,
london_metropolitan,craft_lodge,2140,Huguenot Lodge,,Westminster,,,https://catalogue.wmlmt.org.uk/wiki/Metropolitan_Grand_Lodge_London,,
london_metropolitan,craft_lodge,2150,Tivoli Libris Lodge,,Camden,,,https://catalogue.wmlmt.org.uk/wiki/Metropolitan_Grand_Lodge_London,,
london_metropolitan,craft_lodge,2157,St. Mark’s College Lodge,,Westminster,,,https://catalogue.wmlmt.org.uk/wiki/Metropolitan_Grand_Lodge_London,,
london_metropolitan,craft_lodge,2168,Derby Allcroft Lodge,,Camden,,,https://catalogue.wmlmt.org.uk/wiki/Metropolitan_Grand_Lodge_London,,
london_metropolitan,craft_lodge,2182,Sterndale Bennett Lodge,,Camden,,,https://catalogue.wmlmt.org.uk/wiki/Metropolitan_Grand_Lodge_London,,
london_metropolitan,craft_lodge,2190,Savage Club Lodge,,Camden,,,https://catalogue.wmlmt.org.uk/wiki/Metropolitan_Grand_Lodge_London,,
london_metropolitan,craft_lodge,2191,Anglo-American Lodge,,Camden,,,https://catalogue.wmlmt.org.uk/wiki/Metropolitan_Grand_Lodge_London,,
london_metropolitan,craft_lodge,2192,Highbury with Benefactum Lodge,,Westminster,,,https://catalogue.wmlmt.org.uk/wiki/Metropolitan_Grand_Lodge_London,,
london_metropolitan,craft_lodge,2202,Regent’s Park Lodge,,Camden,,,https://catalogue.wmlmt.org.uk/wiki/Metropolitan_Grand_Lodge_London,,
london_metropolitan,craft_lodge,2205,Pegasus Lodge,,Camden,,,https://catalogue.wmlmt.org.uk/wiki/Metropolitan_Grand_Lodge_London,,
london_metropolitan,craft_lodge,2233,Old Westminsters’ Lodge,,Westminster,,,https://catalogue.wmlmt.org.uk/wiki/Metropolitan_Grand_Lodge_London,,
london_metropolitan,craft_lodge,2241,Cordwainer Ward Lodge,,Westminster,,,https://catalogue.wmlmt.org.uk/wiki/Metropolitan_Grand_Lodge_London,,
london_metropolitan,craft_lodge,2243,Argonauts Lodge,,City,,,https://catalogue.wmlmt.org.uk/wiki/Metropolitan_Grand_Lodge_London,,
london_metropolitan,craft_lodge,2264,Chough Lodge,,City,,,https://catalogue.wmlmt.org.uk/wiki/Metropolitan_Grand_Lodge_London,,
london_metropolitan,craft_lodge,2266,Cator Lodge,,Penge,,,https://catalogue.wmlmt.org.uk/wiki/Metropolitan_Grand_Lodge_London,,
london_metropolitan,craft_lodge,2272,Rye Lodge,,Camden,,,https://catalogue.wmlmt.org.uk/wiki/Metropolitan_Grand_Lodge_London,,
london_metropolitan,craft_lodge,2310,London Scottish Rifles Lodge,,Westminster,,,https://catalogue.wmlmt.org.uk/wiki/Metropolitan_Grand_Lodge_London,,
london_metropolitan,craft_lodge,2312,London Irish Rifles Lodge,,Camden,,,https://catalogue.wmlmt.org.uk/wiki/Metropolitan_Grand_Lodge_London,,
london_metropolitan,craft_lodge,2319,Scots Lodge,,Westminster,,,https://catalogue.wmlmt.org.uk/wiki/Metropolitan_Grand_Lodge_London,,
london_metropolitan,craft_lodge,2332,Borough of Greenwich Lodge,,Camden,,,https://catalogue.wmlmt.org.uk/wiki/Metropolitan_Grand_Lodge_London,,
london_metropolitan,craft_lodge,2345,Duke of Fife Lodge,,Westminster,,,https://catalogue.wmlmt.org.uk/wiki/Metropolitan_Grand_Lodge_London,,
london_metropolitan,craft_lodge,2347,Grafton Lodge,,Westminster,,,https://catalogue.wmlmt.org.uk/wiki/Metropolitan_Grand_Lodge_London,,
london_metropolitan,craft_lodge,2361,Cricklewood Lodge,,Camden,,,https://catalogue.wmlmt.org.uk/wiki/Metropolitan_Grand_Lodge_London,,
london_metropolitan,craft_lodge,2362,Bloomsbury Rifles’ Lodge,,Camden,,,https://catalogue.wmlmt.org.uk/wiki/Metropolitan_Grand_Lodge_London,,
london_metropolitan,craft_lodge,2395,Avondale Lodge,,Westminster,,,https://catalogue.wmlmt.org.uk/wiki/Metropolitan_Grand_Lodge_London,,
london_metropolitan,craft_lodge,2396,Bishopsgate Lodge,,Westminster,,,https://catalogue.wmlmt.org.uk/wiki/Metropolitan_Grand_Lodge_London,,
london_metropolitan,craft_lodge,2397,Columbia Lodge,,Camden,,,https://catalogue.wmlmt.org.uk/wiki/Metropolitan_Grand_Lodge_London,,
london_metropolitan,craft_lodge,2400,Brentford Lodge,,Ealing,,,https://catalogue.wmlmt.org.uk/wiki/Metropolitan_Grand_Lodge_London,,
london_metropolitan,craft_lodge,2408,Hampstead Lodge,,Westminster,,,https://catalogue.wmlmt.org.uk/wiki/Metropolitan_Grand_Lodge_London,,
london_metropolitan,craft_lodge,2410,AEsculapius Lodge,,Camden,,,https://catalogue.wmlmt.org.uk/wiki/Metropolitan_Grand_Lodge_London,,
london_metropolitan,craft_lodge,2416,Hiram Lodge,,Camden,,,https://catalogue.wmlmt.org.uk/wiki/Metropolitan_Grand_Lodge_London,,
london_metropolitan,craft_lodge,2417,Bolingbroke Lodge,,Camden,,,https://catalogue.wmlmt.org.uk/wiki/Metropolitan_Grand_Lodge_London,,
london_metropolitan,craft_lodge,2424,St. Stephen’s Lodge,,Penge,,,https://catalogue.wmlmt.org.uk/wiki/Metropolitan_Grand_Lodge_London,,
london_metropolitan,craft_lodge,2426,Wood Green Lodge,,Southgate,,,https://catalogue.wmlmt.org.uk/wiki/Metropolitan_Grand_Lodge_London,,
london_metropolitan,craft_lodge,2427,Hampden Lodge,,Camden,,,https://catalogue.wmlmt.org.uk/wiki/Metropolitan_Grand_Lodge_London,,
london_metropolitan,craft_lodge,2454,Guildhall School of Music Lodge,,Camden,,,https://catalogue.wmlmt.org.uk/wiki/Metropolitan_Grand_Lodge_London,,
london_metropolitan,craft_lodge,2455,St. Martin’s Lodge,,Camden,,,https://catalogue.wmlmt.org.uk/wiki/Metropolitan_Grand_Lodge_London,,
london_metropolitan,craft_lodge,2456,Chancery Bar Lodge,,Camden,,,https://catalogue.wmlmt.org.uk/wiki/Metropolitan_Grand_Lodge_London,,
london_metropolitan,craft_lodge,2467,Pickwick Lodge,,Westminster,,,https://catalogue.wmlmt.org.uk/wiki/Metropolitan_Grand_Lodge_London,,
london_metropolitan,craft_lodge,2469,Hortus Lodge,,Camden,,,https://catalogue.wmlmt.org.uk/wiki/Metropolitan_Grand_Lodge_London,,
london_metropolitan,craft_lodge,2470,Telegraph Cable Lodge,,Camden,,,https://catalogue.wmlmt.org.uk/wiki/Metropolitan_Grand_Lodge_London,,
london_metropolitan,craft_lodge,2472,Walthamstow Lodge,,Camden,,,https://catalogue.wmlmt.org.uk/wiki/Metropolitan_Grand_Lodge_London,,
london_metropolitan,craft_lodge,2488,Eccentric Lodge,,Camden,,,https://catalogue.wmlmt.org.uk/wiki/Metropolitan_Grand_Lodge_London,,
london_metropolitan,craft_lodge,2500,Old Boys’ Lodge,,Camden,,,https://catalogue.wmlmt.org.uk/wiki/Metropolitan_Grand_Lodge_London,,
london_metropolitan,craft_lodge,2512,Fulham Lodge,,Ealing,,,https://catalogue.wmlmt.org.uk/wiki/Metropolitan_Grand_Lodge_London,,
london_metropolitan,craft_lodge,2513,Sir Walter St. John Lodge,,Camden,,,https://catalogue.wmlmt.org.uk/wiki/Metropolitan_Grand_Lodge_London,,
london_metropolitan,craft_lodge,2524,Train-bands Lodge,,Camden,,,https://catalogue.wmlmt.org.uk/wiki/Metropolitan_Grand_Lodge_London,,
london_metropolitan,craft_lodge,2535,Fellowship Lodge,,Camden,,,https://catalogue.wmlmt.org.uk/wiki/Metropolitan_Grand_Lodge_London,,
london_metropolitan,craft_lodge,2545,Iris Lodge,,Camden,,,https://catalogue.wmlmt.org.uk/wiki/Metropolitan_Grand_Lodge_London,,
london_metropolitan,craft_lodge,2546,Rahere Lodge,,City,,,https://catalogue.wmlmt.org.uk/wiki/Metropolitan_Grand_Lodge_London,,
london_metropolitan,craft_lodge,2549,Benevolentia Lodge,,Camden,,,https://catalogue.wmlmt.org.uk/wiki/Metropolitan_Grand_Lodge_London,,
london_metropolitan,craft_lodge,2550,Piccadilly Lodge,,Camden,,,https://catalogue.wmlmt.org.uk/wiki/Metropolitan_Grand_Lodge_London,,
london_metropolitan,craft_lodge,2551,Clissold Lodge,,Camden,,,https://catalogue.wmlmt.org.uk/wiki/Metropolitan_Grand_Lodge_London,,
london_metropolitan,craft_lodge,2552,Stoke Newington Lodge,,Camden,,,https://catalogue.wmlmt.org.uk/wiki/Metropolitan_Grand_Lodge_London,,
london_metropolitan,craft_lodge,2562,Papyrus Lodge,,Westminster,,,https://catalogue.wmlmt.org.uk/wiki/Metropolitan_Grand_Lodge_London,,
london_metropolitan,craft_lodge,2565,Royal Rose Lodge,,City,,,https://catalogue.wmlmt.org.uk/wiki/Metropolitan_Grand_Lodge_London,,
london_metropolitan,craft_lodge,2578,National Artillery Lodge,,Camden,,,https://catalogue.wmlmt.org.uk/wiki/Metropolitan_Grand_Lodge_London,,
london_metropolitan,craft_lodge,2579,Lewisham Lodge,,Camden,,,https://catalogue.wmlmt.org.uk/wiki/Metropolitan_Grand_Lodge_London,,
london_metropolitan,craft_lodge,2580,Crouch End Lodge,,Westminster,,,https://catalogue.wmlmt.org.uk/wiki/Metropolitan_Grand_Lodge_London,,
london_metropolitan,craft_lodge,2581,Empress Lodge,,Westminster,,,https://catalogue.wmlmt.org.uk/wiki/Metropolitan_Grand_Lodge_London,,
london_metropolitan,craft_lodge,2589,Borough Lodge,,Penge,,,https://catalogue.wmlmt.org.uk/wiki/Metropolitan_Grand_Lodge_London,,
london_metropolitan,craft_lodge,2593,Hugh Owen Lodge,,Camden,,,https://catalogue.wmlmt.org.uk/wiki/Metropolitan_Grand_Lodge_London,,
london_metropolitan,craft_lodge,2599,Royal Engineers Lodge,,Camden,,,https://catalogue.wmlmt.org.uk/wiki/Metropolitan_Grand_Lodge_London,,
london_metropolitan,craft_lodge,2601,Concord and Holloway Lodge,,Southgate,,,https://catalogue.wmlmt.org.uk/wiki/Metropolitan_Grand_Lodge_London,,
london_metropolitan,craft_lodge,2611,London School Board Lodge,,Westminster,,,https://catalogue.wmlmt.org.uk/wiki/Metropolitan_Grand_Lodge_London,,
london_metropolitan,craft_lodge,2612,Navy Lodge,,Camden,,,https://catalogue.wmlmt.org.uk/wiki/Metropolitan_Grand_Lodge_London,,
london_metropolitan,craft_lodge,2614,Household Brigade Lodge,,Westminster,,,https://catalogue.wmlmt.org.uk/wiki/Metropolitan_Grand_Lodge_London,,
london_metropolitan,craft_lodge,2620,Cavendish Lodge,,Westminster,,,https://catalogue.wmlmt.org.uk/wiki/Metropolitan_Grand_Lodge_London,,
london_metropolitan,craft_lodge,2621,Military Lodge,,Camden,,,https://catalogue.wmlmt.org.uk/wiki/Metropolitan_Grand_Lodge_London,,
london_metropolitan,craft_lodge,2650,Christ’s Hospital Lodge,,City,,,https://catalogue.wmlmt.org.uk/wiki/Metropolitan_Grand_Lodge_London,,
london_metropolitan,craft_lodge,2663,Commemoration Lodge,,Camden,,,https://catalogue.wmlmt.org.uk/wiki/Metropolitan_Grand_Lodge_London,,
london_metropolitan,craft_lodge,2672,Yeatman-Biggs Lodge,,Camden,,,https://catalogue.wmlmt.org.uk/wiki/Metropolitan_Grand_Lodge_London,,
london_metropolitan,craft_lodge,2675,Victoria Diamond Jubilee Lodge,,City,,,https://catalogue.wmlmt.org.uk/wiki/Metropolitan_Grand_Lodge_London,,
london_metropolitan,craft_lodge,2686,Alfred Newton Lodge,,Camden,,,https://catalogue.wmlmt.org.uk/wiki/Metropolitan_Grand_Lodge_London,,
london_metropolitan,craft_lodge,2687,Italia Lodge,,Camden,,,https://catalogue.wmlmt.org.uk/wiki/Metropolitan_Grand_Lodge_London,,
london_metropolitan,craft_lodge,2693,Pellipar Lodge,,City,,,https://catalogue.wmlmt.org.uk/wiki/Metropolitan_Grand_Lodge_London,,
london_metropolitan,craft_lodge,2694,Juatinian Lodge,,Camden,,,https://catalogue.wmlmt.org.uk/wiki/Metropolitan_Grand_Lodge_London,,
london_metropolitan,craft_lodge,2696,Arcadian Lodge,,Camden,,,https://catalogue.wmlmt.org.uk/wiki/Metropolitan_Grand_Lodge_London,,
london_metropolitan,craft_lodge,2697,St. Michael Le Querne Lodge,,Westminster,,,https://catalogue.wmlmt.org.uk/wiki/Metropolitan_Grand_Lodge_London,,
london_metropolitan,craft_lodge,2698,Brondesbury Lodge,,Camden,,,https://catalogue.wmlmt.org.uk/wiki/Metropolitan_Grand_Lodge_London,,
london_metropolitan,craft_lodge,2699,Wandle Lodge,,Camden,,,https://catalogue.wmlmt.org.uk/wiki/Metropolitan_Grand_Lodge_London,,
london_metropolitan,craft_lodge,2700,Old Masonians Lodge,,Camden,,,https://catalogue.wmlmt.org.uk/wiki/Metropolitan_Grand_Lodge_London,,
london_metropolitan,craft_lodge,2705,Playgoers Lodge,,Camden,,,https://catalogue.wmlmt.org.uk/wiki/Metropolitan_Grand_Lodge_London,,
london_metropolitan,craft_lodge,2712,Jubilee Masters Lodge,,Camden,,,https://catalogue.wmlmt.org.uk/wiki/Metropolitan_Grand_Lodge_London,,
london_metropolitan,craft_lodge,2715,Acanthus Lodge,,Westminster,,,https://catalogue.wmlmt.org.uk/wiki/Metropolitan_Grand_Lodge_London,,
london_metropolitan,craft_lodge,2721,Lodge of Light,,Westminster,,,https://catalogue.wmlmt.org.uk/wiki/Metropolitan_Grand_Lodge_London,,
london_metropolitan,craft_lodge,2722,Edward Terry Lodge,,Camden,,,https://catalogue.wmlmt.org.uk/wiki/Metropolitan_Grand_Lodge_London,,
london_metropolitan,craft_lodge,2728,Muswell Hill Lodge,,Westminster,,,https://catalogue.wmlmt.org.uk/wiki/Metropolitan_Grand_Lodge_London,,
london_metropolitan,craft_lodge,2730,Cutlers Lodge,,City,,,https://catalogue.wmlmt.org.uk/wiki/Metropolitan_Grand_Lodge_London,,
london_metropolitan,craft_lodge,2736,Nil Sine Labore Lodge,,Camden,,,https://catalogue.wmlmt.org.uk/wiki/Metropolitan_Grand_Lodge_London,,
london_metropolitan,craft_lodge,2738,Army and Navy Lodge,,Camden,,,https://catalogue.wmlmt.org.uk/wiki/Metropolitan_Grand_Lodge_London,,
london_metropolitan,craft_lodge,2739,Lodge of Verity,,Tower Hamlets,,,https://catalogue.wmlmt.org.uk/wiki/Metropolitan_Grand_Lodge_London,,
london_metropolitan,craft_lodge,2740,Comrades Lodge,,Camden,,,https://catalogue.wmlmt.org.uk/wiki/Metropolitan_Grand_Lodge_London,,
london_metropolitan,craft_lodge,2741,Cathedral Lodge,,Camden,,,https://catalogue.wmlmt.org.uk/wiki/Metropolitan_Grand_Lodge_London,,
london_metropolitan,craft_lodge,2742,Eyre Lodge,,Camden,,,https://catalogue.wmlmt.org.uk/wiki/Metropolitan_Grand_Lodge_London,,
london_metropolitan,craft_lodge,2743,Maida Vale Lodge,,Camden,,,https://catalogue.wmlmt.org.uk/wiki/Metropolitan_Grand_Lodge_London,,
london_metropolitan,craft_lodge,2756,Hatchlands Lodge,,Tower Hamlets,,,https://catalogue.wmlmt.org.uk/wiki/Metropolitan_Grand_Lodge_London,,
london_metropolitan,craft_lodge,2763,Harringay Lodge,,Westminster,,,https://catalogue.wmlmt.org.uk/wiki/Metropolitan_Grand_Lodge_London,,
london_metropolitan,craft_lodge,2764,St. Olave’s Lodge,,Camden,,,https://catalogue.wmlmt.org.uk/wiki/Metropolitan_Grand_Lodge_London,,
london_metropolitan,craft_lodge,2765,Earl’s Court Lodge,,Ealing,,,https://catalogue.wmlmt.org.uk/wiki/Metropolitan_Grand_Lodge_London,,
london_metropolitan,craft_lodge,2767,Lord Kitchener of Khartoum Lodge,,Camden,,,https://catalogue.wmlmt.org.uk/wiki/Metropolitan_Grand_Lodge_London,,
london_metropolitan,craft_lodge,2771,Yorick Lodge,,Camden,,,https://catalogue.wmlmt.org.uk/wiki/Metropolitan_Grand_Lodge_London,,
london_metropolitan,craft_lodge,2772,Richard Eve Lodge,,Camden,,,https://catalogue.wmlmt.org.uk/wiki/Metropolitan_Grand_Lodge_London,,
london_metropolitan,craft_lodge,2773,Lodge of Assistance,,Westminster,,,https://catalogue.wmlmt.org.uk/wiki/Metropolitan_Grand_Lodge_London,,
london_metropolitan,craft_lodge,2795,Commercial Traveller Lodge,,Camden,,,https://catalogue.wmlmt.org.uk/wiki/Metropolitan_Grand_Lodge_London,,
london_metropolitan,craft_lodge,2796,Lodge L’Entente Cordiale,,Camden,,,https://catalogue.wmlmt.org.uk/wiki/Metropolitan_Grand_Lodge_London,,
london_metropolitan,craft_lodge,2807,Paddington Rifles Lodge,,Camden,,,https://catalogue.wmlmt.org.uk/wiki/Metropolitan_Grand_Lodge_London,,
london_metropolitan,craft_lodge,2808,St. Erkenwald Lodge,,Camden,,,https://catalogue.wmlmt.org.uk/wiki/Metropolitan_Grand_Lodge_London,,
london_metropolitan,craft_lodge,2809,Bee Hive Lodge,,Westminster,,,https://catalogue.wmlmt.org.uk/wiki/Metropolitan_Grand_Lodge_London,,
london_metropolitan,craft_lodge,2818,Kirby Lodge,,Camden,,,https://catalogue.wmlmt.org.uk/wiki/Metropolitan_Grand_Lodge_London,,
london_metropolitan,craft_lodge,2822,Horistic Lodge,,Camden,,,https://catalogue.wmlmt.org.uk/wiki/Metropolitan_Grand_Lodge_London,,
london_metropolitan,craft_lodge,2823,William Rogers Lodge,,City,,,https://catalogue.wmlmt.org.uk/wiki/Metropolitan_Grand_Lodge_London,,
london_metropolitan,craft_lodge,2824,Grove Park Kent Lodge,,Westminster,,,https://catalogue.wmlmt.org.uk/wiki/Metropolitan_Grand_Lodge_London,,
london_metropolitan,craft_lodge,2834,Devonian Lodge,,Camden,,,https://catalogue.wmlmt.org.uk/wiki/Metropolitan_Grand_Lodge_London,,
london_metropolitan,craft_lodge,2840,White Rose of York and Addeys' Lodge,,Camden,,,https://catalogue.wmlmt.org.uk/wiki/Metropolitan_Grand_Lodge_London,,
london_metropolitan,craft_lodge,2841,Aldersbrook Lodge,,Camden,,,https://catalogue.wmlmt.org.uk/wiki/Metropolitan_Grand_Lodge_London,,
london_metropolitan,craft_lodge,2845,Royal London Hospital Lodge,,Camden,,,https://catalogue.wmlmt.org.uk/wiki/Metropolitan_Grand_Lodge_London,,
london_metropolitan,craft_lodge,2846,Forest Hill Lodge,,Camden,,,https://catalogue.wmlmt.org.uk/wiki/Metropolitan_Grand_Lodge_London,,
london_metropolitan,craft_lodge,2847,Polytechnic Lodge,,City,,,https://catalogue.wmlmt.org.uk/wiki/Metropolitan_Grand_Lodge_London,,
london_metropolitan,craft_lodge,2851,Rosemary Lodge,,Camden,,,https://catalogue.wmlmt.org.uk/wiki/Metropolitan_Grand_Lodge_London,,
london_metropolitan,craft_lodge,2852,Norfolk Lodge,,Camden,,,https://catalogue.wmlmt.org.uk/wiki/Metropolitan_Grand_Lodge_London,,
london_metropolitan,craft_lodge,2853,Lodge Chere Reine,,Westminster,,,https://catalogue.wmlmt.org.uk/wiki/Metropolitan_Grand_Lodge_London,,
london_metropolitan,craft_lodge,2857,Golden Square Lodge,,Camden,,,https://catalogue.wmlmt.org.uk/wiki/Metropolitan_Grand_Lodge_London,,
london_metropolitan,craft_lodge,2860,New Century Lodge,,Camden,,,https://catalogue.wmlmt.org.uk/wiki/Metropolitan_Grand_Lodge_London,,
london_metropolitan,craft_lodge,2867,London Welsh Lodge,,Camden,,,https://catalogue.wmlmt.org.uk/wiki/Metropolitan_Grand_Lodge_London,,
london_metropolitan,craft_lodge,2870,Cheselden Lodge,,Camden,,,https://catalogue.wmlmt.org.uk/wiki/Metropolitan_Grand_Lodge_London,,
london_metropolitan,craft_lodge,2881,Incorporated Society of Musicians Lodge,,Camden,,,https://catalogue.wmlmt.org.uk/wiki/Metropolitan_Grand_Lodge_London,,
london_metropolitan,craft_lodge,2882,Westminster City Council Lodge,,Westminster,,,https://catalogue.wmlmt.org.uk/wiki/Metropolitan_Grand_Lodge_London,,
london_metropolitan,craft_lodge,2885,Charterhouse Deo Dante Dedi Lodge,,City,,,https://catalogue.wmlmt.org.uk/wiki/Metropolitan_Grand_Lodge_London,,
london_metropolitan,craft_lodge,2893,Willing Lodge,,Camden,,,https://catalogue.wmlmt.org.uk/wiki/Metropolitan_Grand_Lodge_London,,
london_metropolitan,craft_lodge,2895,Lodge of Erin,,Camden,,,https://catalogue.wmlmt.org.uk/wiki/Metropolitan_Grand_Lodge_London,,
london_metropolitan,craft_lodge,2898,Coronation Lodge,,Camden,,,https://catalogue.wmlmt.org.uk/wiki/Metropolitan_Grand_Lodge_London,,
london_metropolitan,craft_lodge,2899,St. Catherine’s Park Lodge,,Barnet,,,https://catalogue.wmlmt.org.uk/wiki/Metropolitan_Grand_Lodge_London,,
london_metropolitan,craft_lodge,2909,Pen and Brush Lodge,,Camden,,,https://catalogue.wmlmt.org.uk/wiki/Metropolitan_Grand_Lodge_London,,
london_metropolitan,craft_lodge,2910,Carbon Lodge,,Camden,,,https://catalogue.wmlmt.org.uk/wiki/Metropolitan_Grand_Lodge_London,,
london_metropolitan,craft_lodge,2911,Citizen Lodge,,Camden,,,https://catalogue.wmlmt.org.uk/wiki/Metropolitan_Grand_Lodge_London,,
london_metropolitan,craft_lodge,2912,Onward and Invicta Lodge,,Camden,,,https://catalogue.wmlmt.org.uk/wiki/Metropolitan_Grand_Lodge_London,,
london_metropolitan,craft_lodge,2913,Junior Engineers Lodge,,Camden,,,https://catalogue.wmlmt.org.uk/wiki/Metropolitan_Grand_Lodge_London,,
london_metropolitan,craft_lodge,2918,Southern Cross Lodge,,Camden,,,https://catalogue.wmlmt.org.uk/wiki/Metropolitan_Grand_Lodge_London,,
london_metropolitan,craft_lodge,2925,Somersetshire Lodge,,Westminster,,,https://catalogue.wmlmt.org.uk/wiki/Metropolitan_Grand_Lodge_London,,
london_metropolitan,craft_lodge,2932,Queen Alexandra Lodge,,Camden,,,https://catalogue.wmlmt.org.uk/wiki/Metropolitan_Grand_Lodge_London,,
london_metropolitan,craft_lodge,2941,Lambeth Boro’ Council Lodge,,Camden,,,https://catalogue.wmlmt.org.uk/wiki/Metropolitan_Grand_Lodge_London,,
london_metropolitan,craft_lodge,2942,Third Middlesex Artillery Lodge,,Camden,,,https://catalogue.wmlmt.org.uk/wiki/Metropolitan_Grand_Lodge_London,,
london_metropolitan,craft_lodge,2952,Royal and Loyal Lodge,,Camden,,,https://catalogue.wmlmt.org.uk/wiki/Metropolitan_Grand_Lodge_London,,
london_metropolitan,craft_lodge,2957,Green Room Lodge,,Camden,,,https://catalogue.wmlmt.org.uk/wiki/Metropolitan_Grand_Lodge_London,,
london_metropolitan,craft_lodge,2972,Ulster Lodge,,Camden,,,https://catalogue.wmlmt.org.uk/wiki/Metropolitan_Grand_Lodge_London,,
london_metropolitan,craft_lodge,2978,Knightsbridge Lodge,,Camden,,,https://catalogue.wmlmt.org.uk/wiki/Metropolitan_Grand_Lodge_London,,
london_metropolitan,craft_lodge,2979,Wandsworth Borough Council Lodge,,Penge,,,https://catalogue.wmlmt.org.uk/wiki/Metropolitan_Grand_Lodge_London,,
london_metropolitan,craft_lodge,2980,Eltham Palace Lodge,,Dartford,,,https://catalogue.wmlmt.org.uk/wiki/Metropolitan_Grand_Lodge_London,,
london_metropolitan,craft_lodge,2986,Royal Albert Hall Lodge,,Camden,,,https://catalogue.wmlmt.org.uk/wiki/Metropolitan_Grand_Lodge_London,,
london_metropolitan,craft_lodge,2989,Friern Barnet Lodge,,Camden,,,https://catalogue.wmlmt.org.uk/wiki/Metropolitan_Grand_Lodge_London,,
london_metropolitan,craft_lodge,3008,Dalston Lodge,,Croydon,,,https://catalogue.wmlmt.org.uk/wiki/Metropolitan_Grand_Lodge_London,,
london_metropolitan,craft_lodge,3013,Middlesex Imperial Yeomanry Lodge,,Camden,,,https://catalogue.wmlmt.org.uk/wiki/Metropolitan_Grand_Lodge_London,,
london_metropolitan,craft_lodge,3014,Fairfax Lodge,,Ealing,,,https://catalogue.wmlmt.org.uk/wiki/Metropolitan_Grand_Lodge_London,,
london_metropolitan,craft_lodge,3016,Lyric Lodge,,Westminster,,,https://catalogue.wmlmt.org.uk/wiki/Metropolitan_Grand_Lodge_London,,
london_metropolitan,craft_lodge,3020,Royal Kew and Whitehall Lodge,,Westminster,,,https://catalogue.wmlmt.org.uk/wiki/Metropolitan_Grand_Lodge_London,,
london_metropolitan,craft_lodge,3021,Kentish Lodge,,Westminster,,,https://catalogue.wmlmt.org.uk/wiki/Metropolitan_Grand_Lodge_London,,
london_metropolitan,craft_lodge,3027,Kingsway Lodge,,Camden,,,https://catalogue.wmlmt.org.uk/wiki/Metropolitan_Grand_Lodge_London,,
london_metropolitan,craft_lodge,3028,Orchestral Lodge,,Camden,,,https://catalogue.wmlmt.org.uk/wiki/Metropolitan_Grand_Lodge_London,,
london_metropolitan,craft_lodge,3030,University of Durham Lodge,,Westminster,,,https://catalogue.wmlmt.org.uk/wiki/Metropolitan_Grand_Lodge_London,,
london_metropolitan,craft_lodge,3032,Philanthic Lodge,,Camden,,,https://catalogue.wmlmt.org.uk/wiki/Metropolitan_Grand_Lodge_London,,
london_metropolitan,craft_lodge,3037,Rostrum Lodge,,Westminster,,,https://catalogue.wmlmt.org.uk/wiki/Metropolitan_Grand_Lodge_London,,
london_metropolitan,craft_lodge,3038,Duchy of Cornwall Lodge,,Camden,,,https://catalogue.wmlmt.org.uk/wiki/Metropolitan_Grand_Lodge_London,,
london_metropolitan,craft_lodge,3052,Arthur Williams Lodge,,Camden,,,https://catalogue.wmlmt.org.uk/wiki/Metropolitan_Grand_Lodge_London,,
london_metropolitan,craft_lodge,3075,Vectis Lodge,,Camden,,,https://catalogue.wmlmt.org.uk/wiki/Metropolitan_Grand_Lodge_London,,
london_metropolitan,craft_lodge,3088,West Lancashire Lodge,,Tower Hamlets,,,https://catalogue.wmlmt.org.uk/wiki/Metropolitan_Grand_Lodge_London,,
london_metropolitan,craft_lodge,3094,Foxhunters Lodge,,Westminster,,,https://catalogue.wmlmt.org.uk/wiki/Metropolitan_Grand_Lodge_London,,
london_metropolitan,craft_lodge,3095,La Belle Sauvage Lodge,,Camden,,,https://catalogue.wmlmt.org.uk/wiki/Metropolitan_Grand_Lodge_London,,
london_metropolitan,craft_lodge,3096,Aldwych Lodge,,Camden,,,https://catalogue.wmlmt.org.uk/wiki/Metropolitan_Grand_Lodge_London,,
london_metropolitan,craft_lodge,3097,Valentia Lodge,,Westminster,,,https://catalogue.wmlmt.org.uk/wiki/Metropolitan_Grand_Lodge_London,,
london_metropolitan,craft_lodge,3098,Chelsea Lodge,,Camden,,,https://catalogue.wmlmt.org.uk/wiki/Metropolitan_Grand_Lodge_London,,
london_metropolitan,craft_lodge,3116,Guildhall Lodge,,City,,,https://catalogue.wmlmt.org.uk/wiki/Metropolitan_Grand_Lodge_London,,
london_metropolitan,craft_lodge,3119,Bowes Park Lodge,,Camden,,,https://catalogue.wmlmt.org.uk/wiki/Metropolitan_Grand_Lodge_London,,
london_metropolitan,craft_lodge,3121,Regent Lodge,,Westminster,,,https://catalogue.wmlmt.org.uk/wiki/Metropolitan_Grand_Lodge_London,,
london_metropolitan,craft_lodge,3122,Adams Lodge,,Camden,,,https://catalogue.wmlmt.org.uk/wiki/Metropolitan_Grand_Lodge_London,,
london_metropolitan,craft_lodge,3133,Royal Crown Lodge,,Camden,,,https://catalogue.wmlmt.org.uk/wiki/Metropolitan_Grand_Lodge_London,,
london_metropolitan,craft_lodge,3134,Lakeland Lodge,,Camden,,,https://catalogue.wmlmt.org.uk/wiki/Metropolitan_Grand_Lodge_London,,
london_metropolitan,craft_lodge,3151,Earl Roberts Lodge,,Camden,,,https://catalogue.wmlmt.org.uk/wiki/Metropolitan_Grand_Lodge_London,,
london_metropolitan,craft_lodge,3153,Trinity College Dublin Lodge,,Camden,,,https://catalogue.wmlmt.org.uk/wiki/Metropolitan_Grand_Lodge_London,,
london_metropolitan,craft_lodge,3154,Western Circuit Lodge,,Westminster,,,https://catalogue.wmlmt.org.uk/wiki/Metropolitan_Grand_Lodge_London,,
london_metropolitan,craft_lodge,3155,Horus Lodge,,Camden,,,https://catalogue.wmlmt.org.uk/wiki/Metropolitan_Grand_Lodge_London,,
london_metropolitan,craft_lodge,3156,Malmesbury Lodge,,Camden,,,https://catalogue.wmlmt.org.uk/wiki/Metropolitan_Grand_Lodge_London,,
london_metropolitan,craft_lodge,3162,Chartered Accountants Lodge,,Westminster,,,https://catalogue.wmlmt.org.uk/wiki/Metropolitan_Grand_Lodge_London,,
london_metropolitan,craft_lodge,3165,Cerealia Lodge,,Camden,,,https://catalogue.wmlmt.org.uk/wiki/Metropolitan_Grand_Lodge_London,,
london_metropolitan,craft_lodge,3175,Anglo-Colonial Lodge,,Camden,,,https://catalogue.wmlmt.org.uk/wiki/Metropolitan_Grand_Lodge_London,,
london_metropolitan,craft_lodge,3178,Wantage Lodge,,Camden,,,https://catalogue.wmlmt.org.uk/wiki/Metropolitan_Grand_Lodge_London,,
london_metropolitan,craft_lodge,3191,Lavender Hill Lodge,,Camden,,,https://catalogue.wmlmt.org.uk/wiki/Metropolitan_Grand_Lodge_London,,
london_metropolitan,craft_lodge,3206,Derajat Lodge,,Camden,,,https://catalogue.wmlmt.org.uk/wiki/Metropolitan_Grand_Lodge_London,,
london_metropolitan,craft_lodge,3221,London Dorset Lodge,,Camden,,,https://catalogue.wmlmt.org.uk/wiki/Metropolitan_Grand_Lodge_London,,
london_metropolitan,craft_lodge,3222,Fraternity Lodge,,Westminster,,,https://catalogue.wmlmt.org.uk/wiki/Metropolitan_Grand_Lodge_London,,
london_metropolitan,craft_lodge,3223,Old Cheltonian Lodge,,Camden,,,https://catalogue.wmlmt.org.uk/wiki/Metropolitan_Grand_Lodge_London,,
london_metropolitan,craft_lodge,3230,Earl Amherst Lodge,,Camden,,,https://catalogue.wmlmt.org.uk/wiki/Metropolitan_Grand_Lodge_London,,
london_metropolitan,craft_lodge,3231,Avenue Lodge,,Westminster,,,https://catalogue.wmlmt.org.uk/wiki/Metropolitan_Grand_Lodge_London,,
london_metropolitan,craft_lodge,3240,Chelt Lodge,,Camden,,,https://catalogue.wmlmt.org.uk/wiki/Metropolitan_Grand_Lodge_London,,
london_metropolitan,craft_lodge,3244,Chartered Architects and Malleus Lodge,,Westminster,,,https://catalogue.wmlmt.org.uk/wiki/Metropolitan_Grand_Lodge_London,,
london_metropolitan,craft_lodge,3245,Athlumney Lodge,,Camden,,,https://catalogue.wmlmt.org.uk/wiki/Metropolitan_Grand_Lodge_London,,
london_metropolitan,craft_lodge,3262,McMahon Lodge,,Westminster,,,https://catalogue.wmlmt.org.uk/wiki/Metropolitan_Grand_Lodge_London,,
london_metropolitan,craft_lodge,3265,Light of the Craft Lodge,,Westminster,,,https://catalogue.wmlmt.org.uk/wiki/Metropolitan_Grand_Lodge_London,,
london_metropolitan,craft_lodge,3267,Paddington Lodge,,Camden,,,https://catalogue.wmlmt.org.uk/wiki/Metropolitan_Grand_Lodge_London,,
london_metropolitan,craft_lodge,3269,T. Square Lodge,,Camden,,,https://catalogue.wmlmt.org.uk/wiki/Metropolitan_Grand_Lodge_London,,
london_metropolitan,craft_lodge,3270,Connaught Lodge,,Westminster,,,https://catalogue.wmlmt.org.uk/wiki/Metropolitan_Grand_Lodge_London,,
london_metropolitan,craft_lodge,3271,Antioch Lodge,,Westminster,,,https://catalogue.wmlmt.org.uk/wiki/Metropolitan_Grand_Lodge_London,,
london_metropolitan,craft_lodge,3279,Earl of Dartmouth Lodge,,Camden,,,https://catalogue.wmlmt.org.uk/wiki/Metropolitan_Grand_Lodge_London,,
london_metropolitan,craft_lodge,3286,Misericordia Lodge,,Camden,,,https://catalogue.wmlmt.org.uk/wiki/Metropolitan_Grand_Lodge_London,,
london_metropolitan,craft_lodge,3301,Telephone and Hampshire Lodge,,Westminster,,,https://catalogue.wmlmt.org.uk/wiki/Metropolitan_Grand_Lodge_London,,
london_metropolitan,craft_lodge,3302,Thomas Proctor Baptie Lodge,,Camden,,,https://catalogue.wmlmt.org.uk/wiki/Metropolitan_Grand_Lodge_London,,
london_metropolitan,craft_lodge,3304,Old Shirburnian Lodge,,Camden,,,https://catalogue.wmlmt.org.uk/wiki/Metropolitan_Grand_Lodge_London,,
london_metropolitan,craft_lodge,3307,Old Quintinians Lodge,,Westminster,,,https://catalogue.wmlmt.org.uk/wiki/Metropolitan_Grand_Lodge_London,,
london_metropolitan,craft_lodge,3316,Borough of St. Pancras Lodge,,Camden,,,https://catalogue.wmlmt.org.uk/wiki/Metropolitan_Grand_Lodge_London,,
london_metropolitan,craft_lodge,3327,Queen Mary’s Lodge,,Camden,,,https://catalogue.wmlmt.org.uk/wiki/Metropolitan_Grand_Lodge_London,,
london_metropolitan,craft_lodge,3338,Ubique in the East Lodge,,Westminster,,,https://catalogue.wmlmt.org.uk/wiki/Metropolitan_Grand_Lodge_London,,
london_metropolitan,craft_lodge,3339,Royal Life Saving Lodge,,Camden,,,https://catalogue.wmlmt.org.uk/wiki/Metropolitan_Grand_Lodge_London,,
london_metropolitan,craft_lodge,3340,Old Cliftonian Lodge,,Camden,,,https://catalogue.wmlmt.org.uk/wiki/Metropolitan_Grand_Lodge_London,,
london_metropolitan,craft_lodge,3343,Duke of Sussex Lodge,,Camden,,,https://catalogue.wmlmt.org.uk/wiki/Metropolitan_Grand_Lodge_London,,
london_metropolitan,craft_lodge,3344,Westminsterian Lodge,,Camden,,,https://catalogue.wmlmt.org.uk/wiki/Metropolitan_Grand_Lodge_London,,
london_metropolitan,craft_lodge,3346,Minerva Lodge,,Camden,,,https://catalogue.wmlmt.org.uk/wiki/Metropolitan_Grand_Lodge_London,,
london_metropolitan,craft_lodge,3347,Brixton Ramblers Lodge,,Westminster,,,https://catalogue.wmlmt.org.uk/wiki/Metropolitan_Grand_Lodge_London,,
london_metropolitan,craft_lodge,3355,Caius Lodge,,Camden,,,https://catalogue.wmlmt.org.uk/wiki/Metropolitan_Grand_Lodge_London,,
london_metropolitan,craft_lodge,3362,Haberdashers' Aske's Lodge,,Camden,,,https://catalogue.wmlmt.org.uk/wiki/Metropolitan_Grand_Lodge_London,,
london_metropolitan,craft_lodge,3368,America Lodge,,Camden,,,https://catalogue.wmlmt.org.uk/wiki/Metropolitan_Grand_Lodge_London,,
london_metropolitan,craft_lodge,3376,Ronaldshay Lodge,,Camden,,,https://catalogue.wmlmt.org.uk/wiki/Metropolitan_Grand_Lodge_London,,
london_metropolitan,craft_lodge,3386,King’s Colonials Lodge,,Camden,,,https://catalogue.wmlmt.org.uk/wiki/Metropolitan_Grand_Lodge_London,,
london_metropolitan,craft_lodge,3387,Arts and Crafts Lodge,,Camden,,,https://catalogue.wmlmt.org.uk/wiki/Metropolitan_Grand_Lodge_London,,
london_metropolitan,craft_lodge,3396,Hogarth Lodge,,Camden,,,https://catalogue.wmlmt.org.uk/wiki/Metropolitan_Grand_Lodge_London,,
london_metropolitan,craft_lodge,3404,Old Wellingtonian Lodge,,Camden,,,https://catalogue.wmlmt.org.uk/wiki/Metropolitan_Grand_Lodge_London,,
london_metropolitan,craft_lodge,3408,Renaissance Lodge,,Camden,,,https://catalogue.wmlmt.org.uk/wiki/Metropolitan_Grand_Lodge_London,,
london_metropolitan,craft_lodge,3410,Golders Green Lodge,,Ealing,,,https://catalogue.wmlmt.org.uk/wiki/Metropolitan_Grand_Lodge_London,,
london_metropolitan,craft_lodge,3415,Exonian Lodge,,Camden,,,https://catalogue.wmlmt.org.uk/wiki/Metropolitan_Grand_Lodge_London,,
london_metropolitan,craft_lodge,3432,In Arduis Fidelis Lodge,,Camden,,,https://catalogue.wmlmt.org.uk/wiki/Metropolitan_Grand_Lodge_London,,
london_metropolitan,craft_lodge,3435,Proscenium Lodge,,Camden,,,https://catalogue.wmlmt.org.uk/wiki/Metropolitan_Grand_Lodge_London,,
london_metropolitan,craft_lodge,3436,Acacia Lodge,,Westminster,,,https://catalogue.wmlmt.org.uk/wiki/Metropolitan_Grand_Lodge_London,,
london_metropolitan,craft_lodge,3443,Billingsgate Lodge,,Camden,,,https://catalogue.wmlmt.org.uk/wiki/Metropolitan_Grand_Lodge_London,,
london_metropolitan,craft_lodge,3444,Star of India Lodge,,Camden,,,https://catalogue.wmlmt.org.uk/wiki/Metropolitan_Grand_Lodge_London,,
london_metropolitan,craft_lodge,3456,Authors Lodge,,Camden,,,https://catalogue.wmlmt.org.uk/wiki/Metropolitan_Grand_Lodge_London,,
london_metropolitan,craft_lodge,3458,Sanitarian Lodge,,Camden,,,https://catalogue.wmlmt.org.uk/wiki/Metropolitan_Grand_Lodge_London,,
london_metropolitan,craft_lodge,3475,Waterloo Lodge,,Camden,,,https://catalogue.wmlmt.org.uk/wiki/Metropolitan_Grand_Lodge_London,,
london_metropolitan,craft_lodge,3505,Letchworth Lodge,,Camden,,,https://catalogue.wmlmt.org.uk/wiki/Metropolitan_Grand_Lodge_London,,
london_metropolitan,craft_lodge,3510,George Green Lodge,,Westminster,,,https://catalogue.wmlmt.org.uk/wiki/Metropolitan_Grand_Lodge_London,,
london_metropolitan,craft_lodge,3523,Winchmore Hill Lodge,,Southgate,,,https://catalogue.wmlmt.org.uk/wiki/Metropolitan_Grand_Lodge_London,,
london_metropolitan,craft_lodge,3524,Wanstead Lodge,,Chingford,,,https://catalogue.wmlmt.org.uk/wiki/Metropolitan_Grand_Lodge_London,,
london_metropolitan,craft_lodge,3525,Guild of Freemen Lodge,,Camden,,,https://catalogue.wmlmt.org.uk/wiki/Metropolitan_Grand_Lodge_London,,
london_metropolitan,craft_lodge,3526,Pecunia Lodge,,Southgate,,,https://catalogue.wmlmt.org.uk/wiki/Metropolitan_Grand_Lodge_London,,
london_metropolitan,craft_lodge,3527,Canada Lodge,,Camden,,,https://catalogue.wmlmt.org.uk/wiki/Metropolitan_Grand_Lodge_London,,
london_metropolitan,craft_lodge,3533,Old Marburian Lodge,,Camden,,,https://catalogue.wmlmt.org.uk/wiki/Metropolitan_Grand_Lodge_London,,
london_metropolitan,craft_lodge,3537,Forum Lodge,,Westminster,,,https://catalogue.wmlmt.org.uk/wiki/Metropolitan_Grand_Lodge_London,,
london_metropolitan,craft_lodge,3539,Royal George Lodge,,Camden,,,https://catalogue.wmlmt.org.uk/wiki/Metropolitan_Grand_Lodge_London,,
london_metropolitan,craft_lodge,3546,Halcyon Lodge,,Camden,,,https://catalogue.wmlmt.org.uk/wiki/Metropolitan_Grand_Lodge_London,,
london_metropolitan,craft_lodge,3547,Old Fraternity Lodge,,Camden,,,https://catalogue.wmlmt.org.uk/wiki/Metropolitan_Grand_Lodge_London,,
london_metropolitan,craft_lodge,3548,Old Wykehamist Lodge,,Westminster,,,https://catalogue.wmlmt.org.uk/wiki/Metropolitan_Grand_Lodge_London,,
london_metropolitan,craft_lodge,3549,Old Bradfield Lodge,,Camden,,,https://catalogue.wmlmt.org.uk/wiki/Metropolitan_Grand_Lodge_London,,
london_metropolitan,craft_lodge,3551,Old Rugbeian Lodge,,Camden,,,https://catalogue.wmlmt.org.uk/wiki/Metropolitan_Grand_Lodge_London,,
london_metropolitan,craft_lodge,3556,Royal Colonial Institute Lodge,,Camden,,,https://catalogue.wmlmt.org.uk/wiki/Metropolitan_Grand_Lodge_London,,
london_metropolitan,craft_lodge,3558,Doneraile Lodge,,Camden,,,https://catalogue.wmlmt.org.uk/wiki/Metropolitan_Grand_Lodge_London,,
london_metropolitan,craft_lodge,3561,Old Epsomian Lodge,,Camden,,,https://catalogue.wmlmt.org.uk/wiki/Metropolitan_Grand_Lodge_London,,
london_metropolitan,craft_lodge,3574,Mill Hill Lodge,,Camden,,,https://catalogue.wmlmt.org.uk/wiki/Metropolitan_Grand_Lodge_London,,
london_metropolitan,craft_lodge,3575,Calculus Lodge,,Camden,,,https://catalogue.wmlmt.org.uk/wiki/Metropolitan_Grand_Lodge_London,,
london_metropolitan,craft_lodge,3576,Kayhough Lodge,,Ealing,,,https://catalogue.wmlmt.org.uk/wiki/Metropolitan_Grand_Lodge_London,,
london_metropolitan,craft_lodge,3598,West Norwood Lodge,,Westminster,,,https://catalogue.wmlmt.org.uk/wiki/Metropolitan_Grand_Lodge_London,,
london_metropolitan,craft_lodge,3605,Heptagon Lodge,,Camden,,,https://catalogue.wmlmt.org.uk/wiki/Metropolitan_Grand_Lodge_London,,
london_metropolitan,craft_lodge,3612,Lothbury Lodge,,Camden,,,https://catalogue.wmlmt.org.uk/wiki/Metropolitan_Grand_Lodge_London,,
london_metropolitan,craft_lodge,3613,Archimedean Lodge,,Westminster,,,https://catalogue.wmlmt.org.uk/wiki/Metropolitan_Grand_Lodge_London,,
london_metropolitan,craft_lodge,3624,Kensington Battalion Lodge,,Camden,,,https://catalogue.wmlmt.org.uk/wiki/Metropolitan_Grand_Lodge_London,,
london_metropolitan,craft_lodge,3633,Con Amore Lodge,,Camden,,,https://catalogue.wmlmt.org.uk/wiki/Metropolitan_Grand_Lodge_London,,
london_metropolitan,craft_lodge,3646,Rupert Patterso Lodge,,Camden,,,https://catalogue.wmlmt.org.uk/wiki/Metropolitan_Grand_Lodge_London,,
london_metropolitan,craft_lodge,3647,National Westminster Lodge,,Camden,,,https://catalogue.wmlmt.org.uk/wiki/Metropolitan_Grand_Lodge_London,,
london_metropolitan,craft_lodge,3655,Lodge of Good Fellowship,,Camden,,,https://catalogue.wmlmt.org.uk/wiki/Metropolitan_Grand_Lodge_London,,
london_metropolitan,craft_lodge,3661,Lodge of St. Mary Balham,,Camden,,,https://catalogue.wmlmt.org.uk/wiki/Metropolitan_Grand_Lodge_London,,
london_metropolitan,craft_lodge,3662,Old Felstedian Lodge,,Camden,,,https://catalogue.wmlmt.org.uk/wiki/Metropolitan_Grand_Lodge_London,,
london_metropolitan,craft_lodge,3686,Westfield Lodge,,Ealing,,,https://catalogue.wmlmt.org.uk/wiki/Metropolitan_Grand_Lodge_London,,
london_metropolitan,craft_lodge,3688,Music Lodge,,Camden,,,https://catalogue.wmlmt.org.uk/wiki/Metropolitan_Grand_Lodge_London,,
london_metropolitan,craft_lodge,3692,Lodge of Equity,,Camden,,,https://catalogue.wmlmt.org.uk/wiki/Metropolitan_Grand_Lodge_London,,
london_metropolitan,craft_lodge,3695,Neasden Lodge,,Camden,,,https://catalogue.wmlmt.org.uk/wiki/Metropolitan_Grand_Lodge_London,,
london_metropolitan,craft_lodge,3696,Five Orders Lodge,,Camden,,,https://catalogue.wmlmt.org.uk/wiki/Metropolitan_Grand_Lodge_London,,
london_metropolitan,craft_lodge,3701,Centre Lodge,,Camden,,,https://catalogue.wmlmt.org.uk/wiki/Metropolitan_Grand_Lodge_London,,
london_metropolitan,craft_lodge,3702,Aetos Lodge,,Camden,,,https://catalogue.wmlmt.org.uk/wiki/Metropolitan_Grand_Lodge_London,,
london_metropolitan,craft_lodge,3707,Dante Lodge,,Camden,,,https://catalogue.wmlmt.org.uk/wiki/Metropolitan_Grand_Lodge_London,,
london_metropolitan,craft_lodge,3712,Lodge of the Men of Sussex,,Camden,,,https://catalogue.wmlmt.org.uk/wiki/Metropolitan_Grand_Lodge_London,,
london_metropolitan,craft_lodge,3718,Grecian Lodge,,Camden,,,https://catalogue.wmlmt.org.uk/wiki/Metropolitan_Grand_Lodge_London,,
london_metropolitan,craft_lodge,3722,Blackfriars Lodge,,Camden,,,https://catalogue.wmlmt.org.uk/wiki/Metropolitan_Grand_Lodge_London,,
london_metropolitan,craft_lodge,3723,Unity and Progress Lodge,,Camden,,,https://catalogue.wmlmt.org.uk/wiki/Metropolitan_Grand_Lodge_London,,
london_metropolitan,craft_lodge,3724,Mensura Lodge,,Westminster,,,https://catalogue.wmlmt.org.uk/wiki/Metropolitan_Grand_Lodge_London,,
london_metropolitan,craft_lodge,3725,Old Reptonian Lodge,,Camden,,,https://catalogue.wmlmt.org.uk/wiki/Metropolitan_Grand_Lodge_London,,
london_metropolitan,craft_lodge,3736,Kelvin Lodge,,Camden,,,https://catalogue.wmlmt.org.uk/wiki/Metropolitan_Grand_Lodge_London,,
london_metropolitan,craft_lodge,3743,St. Catherine’s Lodge,,City,,,https://catalogue.wmlmt.org.uk/wiki/Metropolitan_Grand_Lodge_London,,
london_metropolitan,craft_lodge,3750,Bon Accord Lodge,,Camden,,,https://catalogue.wmlmt.org.uk/wiki/Metropolitan_Grand_Lodge_London,,
london_metropolitan,craft_lodge,3752,City Livery Lodge,,City,,,https://catalogue.wmlmt.org.uk/wiki/Metropolitan_Grand_Lodge_London,,
london_metropolitan,craft_lodge,3757,City of London National Guard Lodge,,Camden,,,https://catalogue.wmlmt.org.uk/wiki/Metropolitan_Grand_Lodge_London,,
london_metropolitan,craft_lodge,3765,Ex Libris Lodge,,Camden,,,https://catalogue.wmlmt.org.uk/wiki/Metropolitan_Grand_Lodge_London,,
london_metropolitan,craft_lodge,3771,St. Barnabas Lodge,,Camden,,,https://catalogue.wmlmt.org.uk/wiki/Metropolitan_Grand_Lodge_London,,
london_metropolitan,craft_lodge,3774,First Artificer Lodge,,Westminster,,,https://catalogue.wmlmt.org.uk/wiki/Metropolitan_Grand_Lodge_London,,
london_metropolitan,craft_lodge,3776,Inventions Lodge,,Westminster,,,https://catalogue.wmlmt.org.uk/wiki/Metropolitan_Grand_Lodge_London,,
london_metropolitan,craft_lodge,3784,Streatham Hill Lodge,,Camden,,,https://catalogue.wmlmt.org.uk/wiki/Metropolitan_Grand_Lodge_London,,
london_metropolitan,craft_lodge,3789,Epworth Lodge,,Westminster,,,https://catalogue.wmlmt.org.uk/wiki/Metropolitan_Grand_Lodge_London,,
london_metropolitan,craft_lodge,3790,Royal Naval Anti-Aircraft Lodge,,Camden,,,https://catalogue.wmlmt.org.uk/wiki/Metropolitan_Grand_Lodge_London,,
london_metropolitan,craft_lodge,3791,Fratres Calami Lodge,,Camden,,,https://catalogue.wmlmt.org.uk/wiki/Metropolitan_Grand_Lodge_London,,
london_metropolitan,craft_lodge,3794,Aidwych Club Lodge,,Camden,,,https://catalogue.wmlmt.org.uk/wiki/Metropolitan_Grand_Lodge_London,,
london_metropolitan,craft_lodge,3797,Sowest Lodge,,Camden,,,https://catalogue.wmlmt.org.uk/wiki/Metropolitan_Grand_Lodge_London,,
london_metropolitan,craft_lodge,3806,Maguncor Lodge,,Westminster,,,https://catalogue.wmlmt.org.uk/wiki/Metropolitan_Grand_Lodge_London,,
london_metropolitan,craft_lodge,3817,United Arts Rifles Lodge,,Camden,,,https://catalogue.wmlmt.org.uk/wiki/Metropolitan_Grand_Lodge_London,,
london_metropolitan,craft_lodge,3824,Imperial Cadet Lodge,,Westminster,,,https://catalogue.wmlmt.org.uk/wiki/Metropolitan_Grand_Lodge_London,,
london_metropolitan,craft_lodge,3839,Feltmakers Lodge,,City,,,https://catalogue.wmlmt.org.uk/wiki/Metropolitan_Grand_Lodge_London,,
london_metropolitan,craft_lodge,3846,London Warwickshire Lodge,,Camden,,,https://catalogue.wmlmt.org.uk/wiki/Metropolitan_Grand_Lodge_London,,
london_metropolitan,craft_lodge,3856,Lux in Tenebris Lodge,,Camden,,,https://catalogue.wmlmt.org.uk/wiki/Metropolitan_Grand_Lodge_London,,
london_metropolitan,craft_lodge,3861,Motherland Lodge,,Camden,,,https://catalogue.wmlmt.org.uk/wiki/Metropolitan_Grand_Lodge_London,,
london_metropolitan,craft_lodge,3862,United Engineers Lodge,,Camden,,,https://catalogue.wmlmt.org.uk/wiki/Metropolitan_Grand_Lodge_London,,
london_metropolitan,craft_lodge,3864,Burton Court Lodge,,Camden,,,https://catalogue.wmlmt.org.uk/wiki/Metropolitan_Grand_Lodge_London,,
london_metropolitan,craft_lodge,3900,Hello Lodge,,Camden,,,https://catalogue.wmlmt.org.uk/wiki/Metropolitan_Grand_Lodge_London,,
london_metropolitan,craft_lodge,3901,Borough of Finsbury Lodge,,Camden,,,https://catalogue.wmlmt.org.uk/wiki/Metropolitan_Grand_Lodge_London,,
london_metropolitan,craft_lodge,3903,Woodford Lodge,,Southgate,,,https://catalogue.wmlmt.org.uk/wiki/Metropolitan_Grand_Lodge_London,,
london_metropolitan,craft_lodge,3908,Pax Humana Lodge,,Camden,,,https://catalogue.wmlmt.org.uk/wiki/Metropolitan_Grand_Lodge_London,,
london_metropolitan,craft_lodge,3912,Old Haileyburian and I.S.C. Lodge,,Camden,,,https://catalogue.wmlmt.org.uk/wiki/Metropolitan_Grand_Lodge_London,,
london_metropolitan,craft_lodge,3923,Royal Naval Volunteer Reserve Lodge,,Camden,,,https://catalogue.wmlmt.org.uk/wiki/Metropolitan_Grand_Lodge_London,,
london_metropolitan,craft_lodge,3927,North Star Lodge,,Camden,,,https://catalogue.wmlmt.org.uk/wiki/Metropolitan_Grand_Lodge_London,,
london_metropolitan,craft_lodge,3939,Aidgate Ward Lodge,,Tower Hamlets,,,https://catalogue.wmlmt.org.uk/wiki/Metropolitan_Grand_Lodge_London,,
london_metropolitan,craft_lodge,3969,Old Pauline Lodge,,Richmond,,,https://catalogue.wmlmt.org.uk/wiki/Metropolitan_Grand_Lodge_London,,
london_metropolitan,craft_lodge,3970,Gastvrijheid Lodge,,Westminster,,,https://catalogue.wmlmt.org.uk/wiki/Metropolitan_Grand_Lodge_London,,
london_metropolitan,craft_lodge,3976,Willem van Oranje Lodge,,Camden,,,https://catalogue.wmlmt.org.uk/wiki/Metropolitan_Grand_Lodge_London,,
london_metropolitan,craft_lodge,3981,Taurus Lodge,,City,,,https://catalogue.wmlmt.org.uk/wiki/Metropolitan_Grand_Lodge_London,,
london_metropolitan,craft_lodge,4000,Red Triangle Lodge,,Camden,,,https://catalogue.wmlmt.org.uk/wiki/Metropolitan_Grand_Lodge_London,,
london_metropolitan,craft_lodge,4010,Snaresbrook Lodge,,Camden,,,https://catalogue.wmlmt.org.uk/wiki/Metropolitan_Grand_Lodge_London,,
london_metropolitan,craft_lodge,4012,Fulcrum Lodge,,Camden,,,https://catalogue.wmlmt.org.uk/wiki/Metropolitan_Grand_Lodge_London,,
london_metropolitan,craft_lodge,4023,Palmer s Green Lodge,,Camden,,,https://catalogue.wmlmt.org.uk/wiki/Metropolitan_Grand_Lodge_London,,
london_metropolitan,craft_lodge,4030,Anglo-Dutch and Over-Seas Lodge,,Camden,,,https://catalogue.wmlmt.org.uk/wiki/Metropolitan_Grand_Lodge_London,,
london_metropolitan,craft_lodge,4033,St. Vedast Lodge,,Camden,,,https://catalogue.wmlmt.org.uk/wiki/Metropolitan_Grand_Lodge_London,,
london_metropolitan,craft_lodge,4036,Layton St. Mary’s Lodge,,Camden,,,https://catalogue.wmlmt.org.uk/wiki/Metropolitan_Grand_Lodge_London,,
london_metropolitan,craft_lodge,4041,Corium Lodge,,City,,,https://catalogue.wmlmt.org.uk/wiki/Metropolitan_Grand_Lodge_London,,
london_metropolitan,craft_lodge,4046,Norbury Lodge,,Westminster,,,https://catalogue.wmlmt.org.uk/wiki/Metropolitan_Grand_Lodge_London,,
london_metropolitan,craft_lodge,4049,Benefacta Lodge,,Croydon,,,https://catalogue.wmlmt.org.uk/wiki/Metropolitan_Grand_Lodge_London,,
london_metropolitan,craft_lodge,4076,Composite Lodge,,Camden,,,https://catalogue.wmlmt.org.uk/wiki/Metropolitan_Grand_Lodge_London,,
london_metropolitan,craft_lodge,4084,Mapesbury Lodge,,Camden,,,https://catalogue.wmlmt.org.uk/wiki/Metropolitan_Grand_Lodge_London,,
london_metropolitan,craft_lodge,4091,Venerable Bede Lodge,,Camden,,,https://catalogue.wmlmt.org.uk/wiki/Metropolitan_Grand_Lodge_London,,
london_metropolitan,craft_lodge,4094,Old Actonians Lodge,,Camden,,,https://catalogue.wmlmt.org.uk/wiki/Metropolitan_Grand_Lodge_London,,
london_metropolitan,craft_lodge,4096,Munia Lodge,,Camden,,,https://catalogue.wmlmt.org.uk/wiki/Metropolitan_Grand_Lodge_London,,
london_metropolitan,craft_lodge,4106,Meridian Lodge,,Camden,,,https://catalogue.wmlmt.org.uk/wiki/Metropolitan_Grand_Lodge_London,,
london_metropolitan,craft_lodge,4112,Think and Thank Lodge,,Ealing,,,https://catalogue.wmlmt.org.uk/wiki/Metropolitan_Grand_Lodge_London,,
london_metropolitan,craft_lodge,4145,Old Tonbridgian Lodge,,Westminster,,,https://catalogue.wmlmt.org.uk/wiki/Metropolitan_Grand_Lodge_London,,
london_metropolitan,craft_lodge,4146,Stormont Lodge,,Camden,,,https://catalogue.wmlmt.org.uk/wiki/Metropolitan_Grand_Lodge_London,,
london_metropolitan,craft_lodge,4153,Forest Gate Lodge,,Camden,,,https://catalogue.wmlmt.org.uk/wiki/Metropolitan_Grand_Lodge_London,,
london_metropolitan,craft_lodge,4159,Hazara Lodge,,Westminster,,,https://catalogue.wmlmt.org.uk/wiki/Metropolitan_Grand_Lodge_London,,
london_metropolitan,craft_lodge,4164,Lodge of Affinity,,Islington,,,https://catalogue.wmlmt.org.uk/wiki/Metropolitan_Grand_Lodge_London,,
london_metropolitan,craft_lodge,4165,Old Alleynian Lodge,,Southwark,,,https://catalogue.wmlmt.org.uk/wiki/Metropolitan_Grand_Lodge_London,,
london_metropolitan,craft_lodge,4168,Jeanne d’Arc Lodge,,Camden,,,https://catalogue.wmlmt.org.uk/wiki/Metropolitan_Grand_Lodge_London,,
london_metropolitan,craft_lodge,4173,East Sheen Lodge,,Westminster,,,https://catalogue.wmlmt.org.uk/wiki/Metropolitan_Grand_Lodge_London,,
london_metropolitan,craft_lodge,4179,Ceres Lodge,,Westminster,,,https://catalogue.wmlmt.org.uk/wiki/Metropolitan_Grand_Lodge_London,,
london_metropolitan,craft_lodge,4182,Lodge of Peace,,Chingford,,,https://catalogue.wmlmt.org.uk/wiki/Metropolitan_Grand_Lodge_London,,
london_metropolitan,craft_lodge,4183,Hale End Lodge,,Camden,,,https://catalogue.wmlmt.org.uk/wiki/Metropolitan_Grand_Lodge_London,,
london_metropolitan,craft_lodge,4197,Kingswood School Lodge,,Camden,,,https://catalogue.wmlmt.org.uk/wiki/Metropolitan_Grand_Lodge_London,,
london_metropolitan,craft_lodge,4200,Radiant Lodge,,Camden,,,https://catalogue.wmlmt.org.uk/wiki/Metropolitan_Grand_Lodge_London,,
london_metropolitan,craft_lodge,4208,Londimum Lodge,,City,,,https://catalogue.wmlmt.org.uk/wiki/Metropolitan_Grand_Lodge_London,,
london_metropolitan,craft_lodge,4225,Anthony Sayer Lodge,,Camden,,,https://catalogue.wmlmt.org.uk/wiki/Metropolitan_Grand_Lodge_London,,
london_metropolitan,craft_lodge,4227,Old Uppinghamian Lodge,,Camden,,,https://catalogue.wmlmt.org.uk/wiki/Metropolitan_Grand_Lodge_London,,
london_metropolitan,craft_lodge,4234,Paulatim Lodge,,Westminster,,,https://catalogue.wmlmt.org.uk/wiki/Metropolitan_Grand_Lodge_London,,
london_metropolitan,craft_lodge,4241,Westcombe Park Lodge,,Bromley,,,https://catalogue.wmlmt.org.uk/wiki/Metropolitan_Grand_Lodge_London,,
london_metropolitan,craft_lodge,4245,Blake Hall Lodge,,Camden,,,https://catalogue.wmlmt.org.uk/wiki/Metropolitan_Grand_Lodge_London,,
london_metropolitan,craft_lodge,4256,Paynters Stainers Lodge,,City,,,https://catalogue.wmlmt.org.uk/wiki/Metropolitan_Grand_Lodge_London,,
london_metropolitan,craft_lodge,4257,King's College School Lodge,,Camden,,,https://catalogue.wmlmt.org.uk/wiki/Metropolitan_Grand_Lodge_London,,
london_metropolitan,craft_lodge,4258,Mandate Lodge,,Camden,,,https://catalogue.wmlmt.org.uk/wiki/Metropolitan_Grand_Lodge_London,,
london_metropolitan,craft_lodge,4262,Mercurius Lodge,,Camden,,,https://catalogue.wmlmt.org.uk/wiki/Metropolitan_Grand_Lodge_London,,
london_metropolitan,craft_lodge,4268,Aretas Lodge,,Camden,,,https://catalogue.wmlmt.org.uk/wiki/Metropolitan_Grand_Lodge_London,,
london_metropolitan,craft_lodge,4271,Wellfield Lodge,,Camden,,,https://catalogue.wmlmt.org.uk/wiki/Metropolitan_Grand_Lodge_London,,
london_metropolitan,craft_lodge,4275,Child’s Hill Lodge,,Camden,,,https://catalogue.wmlmt.org.uk/wiki/Metropolitan_Grand_Lodge_London,,
london_metropolitan,craft_lodge,4297,Leadenhall Lodge,,Kenton,,,https://catalogue.wmlmt.org.uk/wiki/Metropolitan_Grand_Lodge_London,,
london_metropolitan,craft_lodge,4302,Templars Lodge,,Camden,,,https://catalogue.wmlmt.org.uk/wiki/Metropolitan_Grand_Lodge_London,,
london_metropolitan,craft_lodge,4305,Westminster City School Lodge,,Westminster,,,https://catalogue.wmlmt.org.uk/wiki/Metropolitan_Grand_Lodge_London,,
london_metropolitan,craft_lodge,4318,Arbor Lodge,,Camden,,,https://catalogue.wmlmt.org.uk/wiki/Metropolitan_Grand_Lodge_London,,
london_metropolitan,craft_lodge,4323,Connaught Army and Navy Lodge,,Westminster,,,https://catalogue.wmlmt.org.uk/wiki/Metropolitan_Grand_Lodge_London,,
london_metropolitan,craft_lodge,4327,Lodge of Unanimity,,Camden,,,https://catalogue.wmlmt.org.uk/wiki/Metropolitan_Grand_Lodge_London,,
london_metropolitan,craft_lodge,4333,Sloane Lodge,,Camden,,,https://catalogue.wmlmt.org.uk/wiki/Metropolitan_Grand_Lodge_London,,
london_metropolitan,craft_lodge,4343,Needlemakers Lodge,,City,,,https://catalogue.wmlmt.org.uk/wiki/Metropolitan_Grand_Lodge_London,,
london_metropolitan,craft_lodge,4344,Covenant Lodge,,Westminster,,,https://catalogue.wmlmt.org.uk/wiki/Metropolitan_Grand_Lodge_London,,
london_metropolitan,craft_lodge,4357,Assembly Lodge,,Westminster,,,https://catalogue.wmlmt.org.uk/wiki/Metropolitan_Grand_Lodge_London,,
london_metropolitan,craft_lodge,4363,Old Malvernian Lodge,,Westminster,,,https://catalogue.wmlmt.org.uk/wiki/Metropolitan_Grand_Lodge_London,,
london_metropolitan,craft_lodge,4366,Dreadnought Lodge,,Camden,,,https://catalogue.wmlmt.org.uk/wiki/Metropolitan_Grand_Lodge_London,,
london_metropolitan,craft_lodge,4372,Lodge Jamrud,,Westminster,,,https://catalogue.wmlmt.org.uk/wiki/Metropolitan_Grand_Lodge_London,,
london_metropolitan,craft_lodge,4380,Ladywell Lodge,,Westminster,,,https://catalogue.wmlmt.org.uk/wiki/Metropolitan_Grand_Lodge_London,,
london_metropolitan,craft_lodge,4384,White Eagle Lodge,,Camden,,,https://catalogue.wmlmt.org.uk/wiki/Metropolitan_Grand_Lodge_London,,
london_metropolitan,craft_lodge,4393,Semper Fidelis Lodge,,Camden,,,https://catalogue.wmlmt.org.uk/wiki/Metropolitan_Grand_Lodge_London,,
london_metropolitan,craft_lodge,4395,Euston Lodge,,Camden,,,https://catalogue.wmlmt.org.uk/wiki/Metropolitan_Grand_Lodge_London,,
london_metropolitan,craft_lodge,4406,Bounds Green Lodge,,Camden,,,https://catalogue.wmlmt.org.uk/wiki/Metropolitan_Grand_Lodge_London,,
london_metropolitan,craft_lodge,4407,Polaris Lodge,,Kenton,,,https://catalogue.wmlmt.org.uk/wiki/Metropolitan_Grand_Lodge_London,,
london_metropolitan,craft_lodge,4410,Ardingly College Lodge,,Camden,,,https://catalogue.wmlmt.org.uk/wiki/Metropolitan_Grand_Lodge_London,,
london_metropolitan,craft_lodge,4411,Broomfield Lodge,,Camden,,,https://catalogue.wmlmt.org.uk/wiki/Metropolitan_Grand_Lodge_London,,
london_metropolitan,craft_lodge,4412,Valentine’s Park Lodge,,Westminster,,,https://catalogue.wmlmt.org.uk/wiki/Metropolitan_Grand_Lodge_London,,
london_metropolitan,craft_lodge,4418,Bouverie Lodge,,Westminster,,,https://catalogue.wmlmt.org.uk/wiki/Metropolitan_Grand_Lodge_London,,
london_metropolitan,craft_lodge,4420,Temple of Peace Lodge,,Westminster,,,https://catalogue.wmlmt.org.uk/wiki/Metropolitan_Grand_Lodge_London,,
london_metropolitan,craft_lodge,4425,Pro Deo et Patria Lodge,,Camden,,,https://catalogue.wmlmt.org.uk/wiki/Metropolitan_Grand_Lodge_London,,
london_metropolitan,craft_lodge,4440,Old Owens’ Lodge,,Camden,,,https://catalogue.wmlmt.org.uk/wiki/Metropolitan_Grand_Lodge_London,,
london_metropolitan,craft_lodge,4442,Ilford Lodge,,Westminster,,,https://catalogue.wmlmt.org.uk/wiki/Metropolitan_Grand_Lodge_London,,
london_metropolitan,craft_lodge,4445,Turnham Green Lodge,,Ealing,,,https://catalogue.wmlmt.org.uk/wiki/Metropolitan_Grand_Lodge_London,,
london_metropolitan,craft_lodge,4454,Upton Cross Lodge,,Chingford,,,https://catalogue.wmlmt.org.uk/wiki/Metropolitan_Grand_Lodge_London,,
london_metropolitan,craft_lodge,4462,Tulse Hill Lodge,,Camden,,,https://catalogue.wmlmt.org.uk/wiki/Metropolitan_Grand_Lodge_London,,
london_metropolitan,craft_lodge,4476,Rosetum Lodge,,Westminster,,,https://catalogue.wmlmt.org.uk/wiki/Metropolitan_Grand_Lodge_London,,
london_metropolitan,craft_lodge,4481,Arklow Regis Lodge,,Southgate,,,https://catalogue.wmlmt.org.uk/wiki/Metropolitan_Grand_Lodge_London,,
london_metropolitan,craft_lodge,4500,Old Etonian Lodge,,Westminster,,,https://catalogue.wmlmt.org.uk/wiki/Metropolitan_Grand_Lodge_London,,
london_metropolitan,craft_lodge,4502,New River Lodge,,Camden,,,https://catalogue.wmlmt.org.uk/wiki/Metropolitan_Grand_Lodge_London,,
london_metropolitan,craft_lodge,4518,St. Margaret Westminster Lodge,,Camden,,,https://catalogue.wmlmt.org.uk/wiki/Metropolitan_Grand_Lodge_London,,
london_metropolitan,craft_lodge,4536,Imperial College Lodge,,Westminster,,,https://catalogue.wmlmt.org.uk/wiki/Metropolitan_Grand_Lodge_London,,
london_metropolitan,craft_lodge,4550,Ceredigion Lodge,,Camden,,,https://catalogue.wmlmt.org.uk/wiki/Metropolitan_Grand_Lodge_London,,
london_metropolitan,craft_lodge,4557,Three Banks Lodge,,Camden,,,https://catalogue.wmlmt.org.uk/wiki/Metropolitan_Grand_Lodge_London,,
london_metropolitan,craft_lodge,4576,Boston Park Lodge,,Ealing,,,https://catalogue.wmlmt.org.uk/wiki/Metropolitan_Grand_Lodge_London,,
london_metropolitan,craft_lodge,4577,Eversley Park Lodge,,Tower Hamlets,,,https://catalogue.wmlmt.org.uk/wiki/Metropolitan_Grand_Lodge_London,,
london_metropolitan,craft_lodge,4588,Southflelds Lodge,,Camden,,,https://catalogue.wmlmt.org.uk/wiki/Metropolitan_Grand_Lodge_London,,
london_metropolitan,craft_lodge,4590,Elia Lodge,,Westminster,,,https://catalogue.wmlmt.org.uk/wiki/Metropolitan_Grand_Lodge_London,,
london_metropolitan,craft_lodge,4592,Hackney Manor Lodge,,Camden,,,https://catalogue.wmlmt.org.uk/wiki/Metropolitan_Grand_Lodge_London,,
london_metropolitan,craft_lodge,4606,Certes Lodge,,Camden,,,https://catalogue.wmlmt.org.uk/wiki/Metropolitan_Grand_Lodge_London,,
london_metropolitan,craft_lodge,4611,Lodge of King Solomon’s Temple,,Camden,,,https://catalogue.wmlmt.org.uk/wiki/Metropolitan_Grand_Lodge_London,,
london_metropolitan,craft_lodge,4637,St. Alfege Lodge,,Westminster,,,https://catalogue.wmlmt.org.uk/wiki/Metropolitan_Grand_Lodge_London,,
london_metropolitan,craft_lodge,4642,Whipps Cross Lodge,,Southgate,,,https://catalogue.wmlmt.org.uk/wiki/Metropolitan_Grand_Lodge_London,,
london_metropolitan,craft_lodge,4650,Brockley Lodge,,Camden,,,https://catalogue.wmlmt.org.uk/wiki/Metropolitan_Grand_Lodge_London,,
london_metropolitan,craft_lodge,4652,Orion Lodge,,Camden,,,https://catalogue.wmlmt.org.uk/wiki/Metropolitan_Grand_Lodge_London,,
london_metropolitan,craft_lodge,4653,Old Harrovian Lodge,,City,,,https://catalogue.wmlmt.org.uk/wiki/Metropolitan_Grand_Lodge_London,,
london_metropolitan,craft_lodge,4659,Floreat Lodge,,Camden,,,https://catalogue.wmlmt.org.uk/wiki/Metropolitan_Grand_Lodge_London,,
london_metropolitan,craft_lodge,4660,Old Lancing Lodge,,Camden,,,https://catalogue.wmlmt.org.uk/wiki/Metropolitan_Grand_Lodge_London,,
london_metropolitan,craft_lodge,4664,Carmarthenshire Lodge,,Camden,,,https://catalogue.wmlmt.org.uk/wiki/Metropolitan_Grand_Lodge_London,,
london_metropolitan,craft_lodge,4674,Athlon Lodge,,Westminster,,,https://catalogue.wmlmt.org.uk/wiki/Metropolitan_Grand_Lodge_London,,
london_metropolitan,craft_lodge,4675,Porchway Lodge,,Camden,,,https://catalogue.wmlmt.org.uk/wiki/Metropolitan_Grand_Lodge_London,,
london_metropolitan,craft_lodge,4677,Chapiter Lodge,,Camden,,,https://catalogue.wmlmt.org.uk/wiki/Metropolitan_Grand_Lodge_London,,
london_metropolitan,craft_lodge,4678,Cholmeley Park Lodge,,Camden,,,https://catalogue.wmlmt.org.uk/wiki/Metropolitan_Grand_Lodge_London,,
london_metropolitan,craft_lodge,4680,Old Cranleighan Lodge,,Westminster,,,https://catalogue.wmlmt.org.uk/wiki/Metropolitan_Grand_Lodge_London,,
london_metropolitan,craft_lodge,4695,West Green Lodge,,Southgate,,,https://catalogue.wmlmt.org.uk/wiki/Metropolitan_Grand_Lodge_London,,
london_metropolitan,craft_lodge,4716,Loyal Heath Lodge,,Southgate,,,https://catalogue.wmlmt.org.uk/wiki/Metropolitan_Grand_Lodge_London,,
london_metropolitan,craft_lodge,4718,Queenswood Lodge,,Camden,,,https://catalogue.wmlmt.org.uk/wiki/Metropolitan_Grand_Lodge_London,,
london_metropolitan,craft_lodge,4729,Lady Margaret Lodge,,Camden,,,https://catalogue.wmlmt.org.uk/wiki/Metropolitan_Grand_Lodge_London,,
london_metropolitan,craft_lodge,4732,Old Bedfordian Lodge,,Camden,,,https://catalogue.wmlmt.org.uk/wiki/Metropolitan_Grand_Lodge_London,,
london_metropolitan,craft_lodge,4746,Manor of Stockwell Lodge,,Camden,,,https://catalogue.wmlmt.org.uk/wiki/Metropolitan_Grand_Lodge_London,,
london_metropolitan,craft_lodge,4759,Perfect Structure Lodge,,Camden,,,https://catalogue.wmlmt.org.uk/wiki/Metropolitan_Grand_Lodge_London,,
london_metropolitan,craft_lodge,4762,Lodge of Freedom and Courtesy,,Westminster,,,https://catalogue.wmlmt.org.uk/wiki/Metropolitan_Grand_Lodge_London,,
london_metropolitan,craft_lodge,4783,Paternoster Lodge,,Camden,,,https://catalogue.wmlmt.org.uk/wiki/Metropolitan_Grand_Lodge_London,,
london_metropolitan,craft_lodge,4784,Grange Lodge,,Camden,,,https://catalogue.wmlmt.org.uk/wiki/Metropolitan_Grand_Lodge_London,,
london_metropolitan,craft_lodge,4789,Heronry Lodge,,Chingford,,,https://catalogue.wmlmt.org.uk/wiki/Metropolitan_Grand_Lodge_London,,
london_metropolitan,craft_lodge,4794,Scion Lodge,,Ilford,,,https://catalogue.wmlmt.org.uk/wiki/Metropolitan_Grand_Lodge_London,,
london_metropolitan,craft_lodge,4798,Faraday Lodge,,Camden,,,https://catalogue.wmlmt.org.uk/wiki/Metropolitan_Grand_Lodge_London,,
london_metropolitan,craft_lodge,4805,Hercules Lodge,,Camden,,,https://catalogue.wmlmt.org.uk/wiki/Metropolitan_Grand_Lodge_London,,
london_metropolitan,craft_lodge,4806,St. John’s Wood Lodge,,Camden,,,https://catalogue.wmlmt.org.uk/wiki/Metropolitan_Grand_Lodge_London,,
london_metropolitan,craft_lodge,4811,Aurea Norma Lodge,,Camden,,,https://catalogue.wmlmt.org.uk/wiki/Metropolitan_Grand_Lodge_London,,
london_metropolitan,craft_lodge,4813,Kilbourne Priory Lodge,,Camden,,,https://catalogue.wmlmt.org.uk/wiki/Metropolitan_Grand_Lodge_London,,
london_metropolitan,craft_lodge,4817,Cerepania Lodge,,City,,,https://catalogue.wmlmt.org.uk/wiki/Metropolitan_Grand_Lodge_London,,
london_metropolitan,craft_lodge,4821,Laus Deo Lodge,,City,,,https://catalogue.wmlmt.org.uk/wiki/Metropolitan_Grand_Lodge_London,,
london_metropolitan,craft_lodge,4822,Vicar’s Oak Lodge,,Penge,,,https://catalogue.wmlmt.org.uk/wiki/Metropolitan_Grand_Lodge_London,,
london_metropolitan,craft_lodge,4826,Caribbean Lodge,,Camden,,,https://catalogue.wmlmt.org.uk/wiki/Metropolitan_Grand_Lodge_London,,
london_metropolitan,craft_lodge,4831,Milestone Lodge,,Camden,,,https://catalogue.wmlmt.org.uk/wiki/Metropolitan_Grand_Lodge_London,,
london_metropolitan,craft_lodge,4833,Oxgate Lodge,,Camden,,,https://catalogue.wmlmt.org.uk/wiki/Metropolitan_Grand_Lodge_London,,
london_metropolitan,craft_lodge,4838,Spitalfields Lodge,,Camden,,,https://catalogue.wmlmt.org.uk/wiki/Metropolitan_Grand_Lodge_London,,
london_metropolitan,craft_lodge,4853,Bond of Friendship Lodge,,Croydon,,,https://catalogue.wmlmt.org.uk/wiki/Metropolitan_Grand_Lodge_London,,
london_metropolitan,craft_lodge,4861,Entasis Lodge,,Camden,,,https://catalogue.wmlmt.org.uk/wiki/Metropolitan_Grand_Lodge_London,,
london_metropolitan,craft_lodge,4862,St. Martin’s Porchway Lodge,,Camden,,,https://catalogue.wmlmt.org.uk/wiki/Metropolitan_Grand_Lodge_London,,
london_metropolitan,craft_lodge,4884,Old Aldenhamian Lodge,,Westminster,,,https://catalogue.wmlmt.org.uk/wiki/Metropolitan_Grand_Lodge_London,,
london_metropolitan,craft_lodge,4892,Zenith Lodge,,Westminster,,,https://catalogue.wmlmt.org.uk/wiki/Metropolitan_Grand_Lodge_London,,
london_metropolitan,craft_lodge,4894,Helvetica Lodge,,Westminster,,,https://catalogue.wmlmt.org.uk/wiki/Metropolitan_Grand_Lodge_London,,
london_metropolitan,craft_lodge,4895,Lodge of Remembrance,,Camden,,,https://catalogue.wmlmt.org.uk/wiki/Metropolitan_Grand_Lodge_London,,
london_metropolitan,craft_lodge,4911,Lodge of Probity,,Camden,,,https://catalogue.wmlmt.org.uk/wiki/Metropolitan_Grand_Lodge_London,,
london_metropolitan,craft_lodge,4923,Three Pillars Lodge,,Westminster,,,https://catalogue.wmlmt.org.uk/wiki/Metropolitan_Grand_Lodge_London,,
london_metropolitan,craft_lodge,4938,Gray’s Inn Lodge,,Camden,,,https://catalogue.wmlmt.org.uk/wiki/Metropolitan_Grand_Lodge_London,,
london_metropolitan,craft_lodge,4948,Builders of the Silent Cities Lodge,,Camden,,,https://catalogue.wmlmt.org.uk/wiki/Metropolitan_Grand_Lodge_London,,
london_metropolitan,craft_lodge,4949,Moorfields Lodge,,Camden,,,https://catalogue.wmlmt.org.uk/wiki/Metropolitan_Grand_Lodge_London,,
london_metropolitan,craft_lodge,4967,Seven Dials Lodge,,Camden,,,https://catalogue.wmlmt.org.uk/wiki/Metropolitan_Grand_Lodge_London,,
london_metropolitan,craft_lodge,4969,Excalibur Lodge,,Westminster,,,https://catalogue.wmlmt.org.uk/wiki/Metropolitan_Grand_Lodge_London,,
london_metropolitan,craft_lodge,4972,Ludgate Lodge,,Camden,,,https://catalogue.wmlmt.org.uk/wiki/Metropolitan_Grand_Lodge_London,,
london_metropolitan,craft_lodge,4981,Caritas Lodge,,Camden,,,https://catalogue.wmlmt.org.uk/wiki/Metropolitan_Grand_Lodge_London,,
london_metropolitan,craft_lodge,4983,Veritas Lodge of Further Progress,,Camden,,,https://catalogue.wmlmt.org.uk/wiki/Metropolitan_Grand_Lodge_London,,
london_metropolitan,craft_lodge,4985,Marcus Vitruvius Lodge,,Westminster,,,https://catalogue.wmlmt.org.uk/wiki/Metropolitan_Grand_Lodge_London,,
london_metropolitan,craft_lodge,4988,Ashburton Park Lodge,,Bromley,,,https://catalogue.wmlmt.org.uk/wiki/Metropolitan_Grand_Lodge_London,,
london_metropolitan,craft_lodge,4991,Good Samaritan Lodge,,Camden,,,https://catalogue.wmlmt.org.uk/wiki/Metropolitan_Grand_Lodge_London,,
london_metropolitan,craft_lodge,4996,Sirius Lodge,,Camden,,,https://catalogue.wmlmt.org.uk/wiki/Metropolitan_Grand_Lodge_London,,
london_metropolitan,craft_lodge,5004,Shern Hall Lodge,,Camden,,,https://catalogue.wmlmt.org.uk/wiki/Metropolitan_Grand_Lodge_London,,
london_metropolitan,craft_lodge,5009,Isma Lodge,,Westminster,,,https://catalogue.wmlmt.org.uk/wiki/Metropolitan_Grand_Lodge_London,,
london_metropolitan,craft_lodge,5010,Macaulay Lodge,,Westminster,,,https://catalogue.wmlmt.org.uk/wiki/Metropolitan_Grand_Lodge_London,,
london_metropolitan,craft_lodge,5023,Thistle Lodge,,Westminster,,,https://catalogue.wmlmt.org.uk/wiki/Metropolitan_Grand_Lodge_London,,
london_metropolitan,craft_lodge,5024,Lapis Magnes Lodge,,Camden,,,https://catalogue.wmlmt.org.uk/wiki/Metropolitan_Grand_Lodge_London,,
london_metropolitan,craft_lodge,5025,Origen Lodge,,Westminster,,,https://catalogue.wmlmt.org.uk/wiki/Metropolitan_Grand_Lodge_London,,
london_metropolitan,craft_lodge,5036,Castle Bar Lodge,,Camden,,,https://catalogue.wmlmt.org.uk/wiki/Metropolitan_Grand_Lodge_London,,
london_metropolitan,craft_lodge,5038,Ergon Lodge,,Camden,,,https://catalogue.wmlmt.org.uk/wiki/Metropolitan_Grand_Lodge_London,,
london_metropolitan,craft_lodge,5042,Old Rossallian Lodge,,Camden,,,https://catalogue.wmlmt.org.uk/wiki/Metropolitan_Grand_Lodge_London,,
london_metropolitan,craft_lodge,5044,Lodge of Permanence,,Westminster,,,https://catalogue.wmlmt.org.uk/wiki/Metropolitan_Grand_Lodge_London,,
london_metropolitan,craft_lodge,5065,Fellowship and Service Lodge,,Westminster,,,https://catalogue.wmlmt.org.uk/wiki/Metropolitan_Grand_Lodge_London,,
london_metropolitan,craft_lodge,5066,Lodge of Three Kindred Lights,,Camden,,,https://catalogue.wmlmt.org.uk/wiki/Metropolitan_Grand_Lodge_London,,
london_metropolitan,craft_lodge,5067,Ingleby Lodge,,Westminster,,,https://catalogue.wmlmt.org.uk/wiki/Metropolitan_Grand_Lodge_London,,
london_metropolitan,craft_lodge,5083,Alfred Robbins Lodge,,Camden,,,https://catalogue.wmlmt.org.uk/wiki/Metropolitan_Grand_Lodge_London,,
london_metropolitan,craft_lodge,5086,Lora et Aries Lodge,,City,,,https://catalogue.wmlmt.org.uk/wiki/Metropolitan_Grand_Lodge_London,,
london_metropolitan,craft_lodge,5087,Circle Lodge,,Camden,,,https://catalogue.wmlmt.org.uk/wiki/Metropolitan_Grand_Lodge_London,,
london_metropolitan,craft_lodge,5088,Portsoken Lodge,,Camden,,,https://catalogue.wmlmt.org.uk/wiki/Metropolitan_Grand_Lodge_London,,
london_metropolitan,craft_lodge,5097,Whitefriars Lodge,,Southgate,,,https://catalogue.wmlmt.org.uk/wiki/Metropolitan_Grand_Lodge_London,,
london_metropolitan,craft_lodge,5107,Lodge of St. Julian,,City,,,https://catalogue.wmlmt.org.uk/wiki/Metropolitan_Grand_Lodge_London,,
london_metropolitan,craft_lodge,5108,St. Nicholas Lodge,,Ealing,,,https://catalogue.wmlmt.org.uk/wiki/Metropolitan_Grand_Lodge_London,,
london_metropolitan,craft_lodge,5113,Stamford Hill Lodge,,Camden,,,https://catalogue.wmlmt.org.uk/wiki/Metropolitan_Grand_Lodge_London,,
london_metropolitan,craft_lodge,5125,Good Faith Lodge,,Camden,,,https://catalogue.wmlmt.org.uk/wiki/Metropolitan_Grand_Lodge_London,,
london_metropolitan,craft_lodge,5132,Tamworth Lodge,,Croydon,,,https://catalogue.wmlmt.org.uk/wiki/Metropolitan_Grand_Lodge_London,,
london_metropolitan,craft_lodge,5139,New Welcome Lodge,,Camden,,,https://catalogue.wmlmt.org.uk/wiki/Metropolitan_Grand_Lodge_London,,
london_metropolitan,craft_lodge,5143,Waliwood Lodge,,Camden,,,https://catalogue.wmlmt.org.uk/wiki/Metropolitan_Grand_Lodge_London,,
london_metropolitan,craft_lodge,5145,Fortis Green Lodge,,Camden,,,https://catalogue.wmlmt.org.uk/wiki/Metropolitan_Grand_Lodge_London,,
london_metropolitan,craft_lodge,5157,Structure Lodge,,Camden,,,https://catalogue.wmlmt.org.uk/wiki/Metropolitan_Grand_Lodge_London,,
london_metropolitan,craft_lodge,5159,Tower Lodge,,Camden,,,https://catalogue.wmlmt.org.uk/wiki/Metropolitan_Grand_Lodge_London,,
london_metropolitan,craft_lodge,5163,Archbishop Tenison Lodge,,Camden,,,https://catalogue.wmlmt.org.uk/wiki/Metropolitan_Grand_Lodge_London,,
london_metropolitan,craft_lodge,5175,New Zealand Lodge,,Camden,,,https://catalogue.wmlmt.org.uk/wiki/Metropolitan_Grand_Lodge_London,,
london_metropolitan,craft_lodge,5177,Thalia Lodge,,Camden,,,https://catalogue.wmlmt.org.uk/wiki/Metropolitan_Grand_Lodge_London,,
london_metropolitan,craft_lodge,5181,Argosy Lodge,,Camden,,,https://catalogue.wmlmt.org.uk/wiki/Metropolitan_Grand_Lodge_London,,
london_metropolitan,craft_lodge,5186,Wilberforce Lodge,,Croydon,,,https://catalogue.wmlmt.org.uk/wiki/Metropolitan_Grand_Lodge_London,,
london_metropolitan,craft_lodge,5188,Cranbourn Lodge,,Camden,,,https://catalogue.wmlmt.org.uk/wiki/Metropolitan_Grand_Lodge_London,,
london_metropolitan,craft_lodge,5189,Aquila Lodge,,Camden,,,https://catalogue.wmlmt.org.uk/wiki/Metropolitan_Grand_Lodge_London,,
london_metropolitan,craft_lodge,5200,Old Radleian Lodge,,Camden,,,https://catalogue.wmlmt.org.uk/wiki/Metropolitan_Grand_Lodge_London,,
london_metropolitan,craft_lodge,5213,Lodge Malaya,,Camden,,,https://catalogue.wmlmt.org.uk/wiki/Metropolitan_Grand_Lodge_London,,
london_metropolitan,craft_lodge,5231,Benefactum Lodge,,Westminster,,,https://catalogue.wmlmt.org.uk/wiki/Metropolitan_Grand_Lodge_London,,
london_metropolitan,craft_lodge,5233,Saint Thomas of Acon Lodge,,Westminster,,,https://catalogue.wmlmt.org.uk/wiki/Metropolitan_Grand_Lodge_London,,
london_metropolitan,craft_lodge,5241,Athol Lodge,,Camden,,,https://catalogue.wmlmt.org.uk/wiki/Metropolitan_Grand_Lodge_London,,
london_metropolitan,craft_lodge,5242,Elysian Lodge,,Camden,,,https://catalogue.wmlmt.org.uk/wiki/Metropolitan_Grand_Lodge_London,,
london_metropolitan,craft_lodge,5244,Beaufort Lodge,,Camden,,,https://catalogue.wmlmt.org.uk/wiki/Metropolitan_Grand_Lodge_London,,
london_metropolitan,craft_lodge,5249,Hand of Good Fellowship Lodge,,Camden,,,https://catalogue.wmlmt.org.uk/wiki/Metropolitan_Grand_Lodge_London,,
london_metropolitan,craft_lodge,5252,Langbourn and Dominicos Lodge,,Camden,,,https://catalogue.wmlmt.org.uk/wiki/Metropolitan_Grand_Lodge_London,,
london_metropolitan,craft_lodge,5258,Lucullus Lodge,,Camden,,,https://catalogue.wmlmt.org.uk/wiki/Metropolitan_Grand_Lodge_London,,
london_metropolitan,craft_lodge,5269,Saint Bartholomew Lodge,,Westminster,,,https://catalogue.wmlmt.org.uk/wiki/Metropolitan_Grand_Lodge_London,,
london_metropolitan,craft_lodge,5280,Belsize Lodge,,Southgate,,,https://catalogue.wmlmt.org.uk/wiki/Metropolitan_Grand_Lodge_London,,
london_metropolitan,craft_lodge,5281,Fairbrook Lodge,,Camden,,,https://catalogue.wmlmt.org.uk/wiki/Metropolitan_Grand_Lodge_London,,
london_metropolitan,craft_lodge,5282,Old Johnian Lodge,,Camden,,,https://catalogue.wmlmt.org.uk/wiki/Metropolitan_Grand_Lodge_London,,
london_metropolitan,craft_lodge,5284,Column Lodge,,Westminster,,,https://catalogue.wmlmt.org.uk/wiki/Metropolitan_Grand_Lodge_London,,
london_metropolitan,craft_lodge,5293,Hendon Manor Lodge,,Southgate,,,https://catalogue.wmlmt.org.uk/wiki/Metropolitan_Grand_Lodge_London,,
london_metropolitan,craft_lodge,5308,Beneficentia Lodge,,Camden,,,https://catalogue.wmlmt.org.uk/wiki/Metropolitan_Grand_Lodge_London,,
london_metropolitan,craft_lodge,5319,Saltley College Lodge,,Camden,,,https://catalogue.wmlmt.org.uk/wiki/Metropolitan_Grand_Lodge_London,,
london_metropolitan,craft_lodge,5320,Acorn Lodge,,Penge,,,https://catalogue.wmlmt.org.uk/wiki/Metropolitan_Grand_Lodge_London,,
london_metropolitan,craft_lodge,5330,Amor Lodge,,Southgate,,,https://catalogue.wmlmt.org.uk/wiki/Metropolitan_Grand_Lodge_London,,
london_metropolitan,craft_lodge,5341,Lodge of Freedom,,Camden,,,https://catalogue.wmlmt.org.uk/wiki/Metropolitan_Grand_Lodge_London,,
london_metropolitan,craft_lodge,5342,Old Brentwoods Lodge,,Camden,,,https://catalogue.wmlmt.org.uk/wiki/Metropolitan_Grand_Lodge_London,,
london_metropolitan,craft_lodge,5352,Amor Laboris Lodge,,Camden,,,https://catalogue.wmlmt.org.uk/wiki/Metropolitan_Grand_Lodge_London,,
london_metropolitan,craft_lodge,5353,Lodge of Happiness,,Camden,,,https://catalogue.wmlmt.org.uk/wiki/Metropolitan_Grand_Lodge_London,,
london_metropolitan,craft_lodge,5354,Love and Unity Lodge,,Camden,,,https://catalogue.wmlmt.org.uk/wiki/Metropolitan_Grand_Lodge_London,,
london_metropolitan,craft_lodge,5355,Middlesex County Lodge,,Camden,,,https://catalogue.wmlmt.org.uk/wiki/Metropolitan_Grand_Lodge_London,,
london_metropolitan,craft_lodge,5367,Phrygian Lodge,,Ealing,,,https://catalogue.wmlmt.org.uk/wiki/Metropolitan_Grand_Lodge_London,,
london_metropolitan,craft_lodge,5369,Salus Lodge,,Camden,,,https://catalogue.wmlmt.org.uk/wiki/Metropolitan_Grand_Lodge_London,,
london_metropolitan,craft_lodge,5379,Eden Park Lodge,,Penge,,,https://catalogue.wmlmt.org.uk/wiki/Metropolitan_Grand_Lodge_London,,
london_metropolitan,craft_lodge,5385,Ruckholt Lodge,,Camden,,,https://catalogue.wmlmt.org.uk/wiki/Metropolitan_Grand_Lodge_London,,
london_metropolitan,craft_lodge,5397,Goodwill Lodge,,Camden OH,,,https://catalogue.wmlmt.org.uk/wiki/Metropolitan_Grand_Lodge_London,,
london_metropolitan,craft_lodge,5400,Mercury Lodge,,Camden,,,https://catalogue.wmlmt.org.uk/wiki/Metropolitan_Grand_Lodge_London,,
london_metropolitan,craft_lodge,5404,Fidelity and Goodwill Lodge,,Camden,,,https://catalogue.wmlmt.org.uk/wiki/Metropolitan_Grand_Lodge_London,,
london_metropolitan,craft_lodge,5405,Lodge Fidelis,,Camden,,,https://catalogue.wmlmt.org.uk/wiki/Metropolitan_Grand_Lodge_London,,
london_metropolitan,craft_lodge,5406,Plashett in Hame Lodge,,Ilford,,,https://catalogue.wmlmt.org.uk/wiki/Metropolitan_Grand_Lodge_London,,
london_metropolitan,craft_lodge,5409,Metropolitan Clay and Rifle Shootoing Lodge,,Westminster,,,https://catalogue.wmlmt.org.uk/wiki/Metropolitan_Grand_Lodge_London,,
london_metropolitan,craft_lodge,5410,East and West Lodge,,Camden,,,https://catalogue.wmlmt.org.uk/wiki/Metropolitan_Grand_Lodge_London,,
london_metropolitan,craft_lodge,5416,Kynaston Studd Lodge,,Westminster,,,https://catalogue.wmlmt.org.uk/wiki/Metropolitan_Grand_Lodge_London,,
london_metropolitan,craft_lodge,5417,St. Mary at Finchley Lodge,,Camden,,,https://catalogue.wmlmt.org.uk/wiki/Metropolitan_Grand_Lodge_London,,
london_metropolitan,craft_lodge,5434,Mersey Lodge,,Westminster,,,https://catalogue.wmlmt.org.uk/wiki/Metropolitan_Grand_Lodge_London,,
london_metropolitan,craft_lodge,5440,Enugu Lodge,,Camden,,,https://catalogue.wmlmt.org.uk/wiki/Metropolitan_Grand_Lodge_London,,
london_metropolitan,craft_lodge,5451,St. Mary Islington Lodge,,Camden,,,https://catalogue.wmlmt.org.uk/wiki/Metropolitan_Grand_Lodge_London,,
london_metropolitan,craft_lodge,5465,Pitzhanger Lodge,,Camden,,,https://catalogue.wmlmt.org.uk/wiki/Metropolitan_Grand_Lodge_London,,
london_metropolitan,craft_lodge,5466,Finsbury Archers Lodge,,Camden,,,https://catalogue.wmlmt.org.uk/wiki/Metropolitan_Grand_Lodge_London,,
london_metropolitan,craft_lodge,5467,Blundell’s Lodge,,Camden,,,https://catalogue.wmlmt.org.uk/wiki/Metropolitan_Grand_Lodge_London,,
london_metropolitan,craft_lodge,5475,Albert Gate Lodge,,Camden,,,https://catalogue.wmlmt.org.uk/wiki/Metropolitan_Grand_Lodge_London,,
london_metropolitan,craft_lodge,5485,London West Africa Lodge,,Camden,,,https://catalogue.wmlmt.org.uk/wiki/Metropolitan_Grand_Lodge_London,,
london_metropolitan,craft_lodge,5487,Oeconomia Lodge,,Camden,,,https://catalogue.wmlmt.org.uk/wiki/Metropolitan_Grand_Lodge_London,,
london_metropolitan,craft_lodge,5506,Lodge of Endeavour for Norwood Ravenswood,,Kenton,,,https://catalogue.wmlmt.org.uk/wiki/Metropolitan_Grand_Lodge_London,,
london_metropolitan,craft_lodge,5508,Wandle Park Lodge,,Camden,,,https://catalogue.wmlmt.org.uk/wiki/Metropolitan_Grand_Lodge_London,,
london_metropolitan,craft_lodge,5517,Nisi Dominus Lodge,,Camden,,,https://catalogue.wmlmt.org.uk/wiki/Metropolitan_Grand_Lodge_London,,
london_metropolitan,craft_lodge,5518,John Evelyn Lodge,,Westminster,,,https://catalogue.wmlmt.org.uk/wiki/Metropolitan_Grand_Lodge_London,,
london_metropolitan,craft_lodge,5519,Perfectus Lodge,,Camden,,,https://catalogue.wmlmt.org.uk/wiki/Metropolitan_Grand_Lodge_London,,
london_metropolitan,craft_lodge,5521,Stebonheath Lodge,,Camden,,,https://catalogue.wmlmt.org.uk/wiki/Metropolitan_Grand_Lodge_London,,
london_metropolitan,craft_lodge,5525,Gothic Lodge,,Camden,,,https://catalogue.wmlmt.org.uk/wiki/Metropolitan_Grand_Lodge_London,,
london_metropolitan,craft_lodge,5535,Silver Jubilee Lodge,,Camden,,,https://catalogue.wmlmt.org.uk/wiki/Metropolitan_Grand_Lodge_London,,
london_metropolitan,craft_lodge,5538,Honour and Virtue Lodge,,Camden,,,https://catalogue.wmlmt.org.uk/wiki/Metropolitan_Grand_Lodge_London,,
london_metropolitan,craft_lodge,5539,Annuntio Lodge,,Camden,,,https://catalogue.wmlmt.org.uk/wiki/Metropolitan_Grand_Lodge_London,,
london_metropolitan,craft_lodge,5569,Chequered Cloth Lodge,,Camden,,,https://catalogue.wmlmt.org.uk/wiki/Metropolitan_Grand_Lodge_London,,
london_metropolitan,craft_lodge,5592,Vaudeville Lodge,,Tower Hamlets,,,https://catalogue.wmlmt.org.uk/wiki/Metropolitan_Grand_Lodge_London,,
london_metropolitan,craft_lodge,5593,Johann Gutenberg Lodge,,Camden,,,https://catalogue.wmlmt.org.uk/wiki/Metropolitan_Grand_Lodge_London,,
london_metropolitan,craft_lodge,5595,Goliath Lodge,,Camden,,,https://catalogue.wmlmt.org.uk/wiki/Metropolitan_Grand_Lodge_London,,
london_metropolitan,craft_lodge,5602,Celerity Lodge,,Camden,,,https://catalogue.wmlmt.org.uk/wiki/Metropolitan_Grand_Lodge_London,,
london_metropolitan,craft_lodge,5606,City of London Rifles Lodge,,Camden,,,https://catalogue.wmlmt.org.uk/wiki/Metropolitan_Grand_Lodge_London,,
london_metropolitan,craft_lodge,5607,Cyngesburie Lodge,,Camden,,,https://catalogue.wmlmt.org.uk/wiki/Metropolitan_Grand_Lodge_London,,
london_metropolitan,craft_lodge,5608,Quarries Lodge,,Camden,,,https://catalogue.wmlmt.org.uk/wiki/Metropolitan_Grand_Lodge_London,,
london_metropolitan,craft_lodge,5618,Lodge of Reunion,,Camden,,,https://catalogue.wmlmt.org.uk/wiki/Metropolitan_Grand_Lodge_London,,
london_metropolitan,craft_lodge,5625,Lodge of Reunion and Fellowship,,Camden,,,https://catalogue.wmlmt.org.uk/wiki/Metropolitan_Grand_Lodge_London,,
london_metropolitan,craft_lodge,5639,Basketmakers Lodge,,City,,,https://catalogue.wmlmt.org.uk/wiki/Metropolitan_Grand_Lodge_London,,
london_metropolitan,craft_lodge,5641,Magnum Opus Lodge,,Westminster,,,https://catalogue.wmlmt.org.uk/wiki/Metropolitan_Grand_Lodge_London,,
london_metropolitan,craft_lodge,5646,Paviors Lodge,,City,,,https://catalogue.wmlmt.org.uk/wiki/Metropolitan_Grand_Lodge_London,,
london_metropolitan,craft_lodge,5647,Old Dovorian Lodge,,Camden,,,https://catalogue.wmlmt.org.uk/wiki/Metropolitan_Grand_Lodge_London,,
london_metropolitan,craft_lodge,5649,Lodge of Comity,,Camden,,,https://catalogue.wmlmt.org.uk/wiki/Metropolitan_Grand_Lodge_London,,
london_metropolitan,craft_lodge,5653,Pedestal Lodge,,Camden,,,https://catalogue.wmlmt.org.uk/wiki/Metropolitan_Grand_Lodge_London,,
london_metropolitan,craft_lodge,5654,St. Ninian Lodge,,Westminster,,,https://catalogue.wmlmt.org.uk/wiki/Metropolitan_Grand_Lodge_London,,
london_metropolitan,craft_lodge,5662,Old Dunstonian Lodge,,Camden,,,https://catalogue.wmlmt.org.uk/wiki/Metropolitan_Grand_Lodge_London,,
london_metropolitan,craft_lodge,5671,Caducean Lodge,,Camden,,,https://catalogue.wmlmt.org.uk/wiki/Metropolitan_Grand_Lodge_London,,
london_metropolitan,craft_lodge,5673,Lloyd’s Lodge,,City,,,https://catalogue.wmlmt.org.uk/wiki/Metropolitan_Grand_Lodge_London,,
london_metropolitan,craft_lodge,5675,Holborn Bars Lodge,,Camden,,,https://catalogue.wmlmt.org.uk/wiki/Metropolitan_Grand_Lodge_London,,
london_metropolitan,craft_lodge,5676,Brixton Coronation Lodge,,Camden,,,https://catalogue.wmlmt.org.uk/wiki/Metropolitan_Grand_Lodge_London,,
london_metropolitan,craft_lodge,5682,Old Oundeian Lodge,,Camden,,,https://catalogue.wmlmt.org.uk/wiki/Metropolitan_Grand_Lodge_London,,
london_metropolitan,craft_lodge,5693,Utilitas Lodge,,Camden,,,https://catalogue.wmlmt.org.uk/wiki/Metropolitan_Grand_Lodge_London,,
london_metropolitan,craft_lodge,5696,Lodge of Kindness,,Westminster,,,https://catalogue.wmlmt.org.uk/wiki/Metropolitan_Grand_Lodge_London,,
london_metropolitan,craft_lodge,5708,Porta Episcopi Lodge,,Camden,,,https://catalogue.wmlmt.org.uk/wiki/Metropolitan_Grand_Lodge_London,,
london_metropolitan,craft_lodge,5718,Pyramid Lodge,,Camden,,,https://catalogue.wmlmt.org.uk/wiki/Metropolitan_Grand_Lodge_London,,
london_metropolitan,craft_lodge,5732,Centre Lodge of Amity,,Camden,,,https://catalogue.wmlmt.org.uk/wiki/Metropolitan_Grand_Lodge_London,,
london_metropolitan,craft_lodge,5733,Cantuarian Lodge,,Camden,,,https://catalogue.wmlmt.org.uk/wiki/Metropolitan_Grand_Lodge_London,,
london_metropolitan,craft_lodge,5735,Old Tauntonian Lodge,,Camden,,,https://catalogue.wmlmt.org.uk/wiki/Metropolitan_Grand_Lodge_London,,
london_metropolitan,craft_lodge,5736,Lodge Uno Corde,,Keynsham,,,https://catalogue.wmlmt.org.uk/wiki/Metropolitan_Grand_Lodge_London,,
london_metropolitan,craft_lodge,5737,Bishop’s Hall Lodge,,Camden,,,https://catalogue.wmlmt.org.uk/wiki/Metropolitan_Grand_Lodge_London,,
london_metropolitan,craft_lodge,5745,Earisfield Lodge,,Camden,,,https://catalogue.wmlmt.org.uk/wiki/Metropolitan_Grand_Lodge_London,,
london_metropolitan,craft_lodge,5752,Old Millhillian Lodge,,Camden,,,https://catalogue.wmlmt.org.uk/wiki/Metropolitan_Grand_Lodge_London,,
london_metropolitan,craft_lodge,5758,Old Olavians’ Lodge,,Camden,,,https://catalogue.wmlmt.org.uk/wiki/Metropolitan_Grand_Lodge_London,,
london_metropolitan,craft_lodge,5763,Rainoian Lodge,,Camden,,,https://catalogue.wmlmt.org.uk/wiki/Metropolitan_Grand_Lodge_London,,
london_metropolitan,craft_lodge,5764,Thames River Lodge,,Penge,,,https://catalogue.wmlmt.org.uk/wiki/Metropolitan_Grand_Lodge_London,,
london_metropolitan,craft_lodge,5765,Lodge of Trinity Cambridge,,Camden,,,https://catalogue.wmlmt.org.uk/wiki/Metropolitan_Grand_Lodge_London,,
london_metropolitan,craft_lodge,5769,Old Greshamian Lodge,,Camden,,,https://catalogue.wmlmt.org.uk/wiki/Metropolitan_Grand_Lodge_London,,
london_metropolitan,craft_lodge,5780,Osiris Lodge,,Camden,,,https://catalogue.wmlmt.org.uk/wiki/Metropolitan_Grand_Lodge_London,,
london_metropolitan,craft_lodge,5784,Kindred Arts Lodge,,Camden,,,https://catalogue.wmlmt.org.uk/wiki/Metropolitan_Grand_Lodge_London,,
london_metropolitan,craft_lodge,5786,Lumen Lodge,,Ealing,,,https://catalogue.wmlmt.org.uk/wiki/Metropolitan_Grand_Lodge_London,,
london_metropolitan,craft_lodge,5794,Dulwich Park Lodge,,Camden,,,https://catalogue.wmlmt.org.uk/wiki/Metropolitan_Grand_Lodge_London,,
london_metropolitan,craft_lodge,5796,Atlantes Lodge,,Camden,,,https://catalogue.wmlmt.org.uk/wiki/Metropolitan_Grand_Lodge_London,,
london_metropolitan,craft_lodge,5800,Quest Lodge,,Croydon,,,https://catalogue.wmlmt.org.uk/wiki/Metropolitan_Grand_Lodge_London,,
london_metropolitan,craft_lodge,5804,Eastfield Lodge,,Camden,,,https://catalogue.wmlmt.org.uk/wiki/Metropolitan_Grand_Lodge_London,,
london_metropolitan,craft_lodge,5840,Sarnia-Riduna Lodge,,Camden,,,https://catalogue.wmlmt.org.uk/wiki/Metropolitan_Grand_Lodge_London,,
london_metropolitan,craft_lodge,5892,Seven Stars Lodge,,Camden,,,https://catalogue.wmlmt.org.uk/wiki/Metropolitan_Grand_Lodge_London,,
london_metropolitan,craft_lodge,5893,Nucleus Lodge,,Camden,,,https://catalogue.wmlmt.org.uk/wiki/Metropolitan_Grand_Lodge_London,,
london_metropolitan,craft_lodge,5910,Avenue Hall Lodge,,Penge,,,https://catalogue.wmlmt.org.uk/wiki/Metropolitan_Grand_Lodge_London,,
london_metropolitan,craft_lodge,5912,Tranquillus Lodge,,Westminster,,,https://catalogue.wmlmt.org.uk/wiki/Metropolitan_Grand_Lodge_London,,
london_metropolitan,craft_lodge,5923,Justice and Liberty Lodge,,Camden,,,https://catalogue.wmlmt.org.uk/wiki/Metropolitan_Grand_Lodge_London,,
london_metropolitan,craft_lodge,5925,Peace and Hope Lodge,,Camden,,,https://catalogue.wmlmt.org.uk/wiki/Metropolitan_Grand_Lodge_London,,
london_metropolitan,craft_lodge,5933,Minchenden Oak Lodge,,Camden,,,https://catalogue.wmlmt.org.uk/wiki/Metropolitan_Grand_Lodge_London,,
london_metropolitan,craft_lodge,5970,Festina Lente Lodge,,Camden,,,https://catalogue.wmlmt.org.uk/wiki/Metropolitan_Grand_Lodge_London,,
london_metropolitan,craft_lodge,5971,Candidus Lodge,,Camden,,,https://catalogue.wmlmt.org.uk/wiki/Metropolitan_Grand_Lodge_London,,
london_metropolitan,craft_lodge,5984,Maryland Lodge,,Southgate,,,https://catalogue.wmlmt.org.uk/wiki/Metropolitan_Grand_Lodge_London,,
london_metropolitan,craft_lodge,6002,Titan Lodge,,Camden,,,https://catalogue.wmlmt.org.uk/wiki/Metropolitan_Grand_Lodge_London,,
london_metropolitan,craft_lodge,6013,Friary Lodge,,Southgate,,,https://catalogue.wmlmt.org.uk/wiki/Metropolitan_Grand_Lodge_London,,
london_metropolitan,craft_lodge,6022,Venture Adventure Lodge,,Camden,,,https://catalogue.wmlmt.org.uk/wiki/Metropolitan_Grand_Lodge_London,,
london_metropolitan,craft_lodge,6033,Grip of Friendship Lodge,,Camden,,,https://catalogue.wmlmt.org.uk/wiki/Metropolitan_Grand_Lodge_London,,
london_metropolitan,craft_lodge,6039,Northern Polytechnic Lodge,,Camden,,,https://catalogue.wmlmt.org.uk/wiki/Metropolitan_Grand_Lodge_London,,
london_metropolitan,craft_lodge,6040,Sun Lodge,,Camden,,,https://catalogue.wmlmt.org.uk/wiki/Metropolitan_Grand_Lodge_London,,
london_metropolitan,craft_lodge,6060,Broomwood Lodge,,Camden,,,https://catalogue.wmlmt.org.uk/wiki/Metropolitan_Grand_Lodge_London,,
london_metropolitan,craft_lodge,6061,Bishopsway Lodge,,Camden,,,https://catalogue.wmlmt.org.uk/wiki/Metropolitan_Grand_Lodge_London,,
london_metropolitan,craft_lodge,6083,Atlas Lodge,,Camden,,,https://catalogue.wmlmt.org.uk/wiki/Metropolitan_Grand_Lodge_London,,
london_metropolitan,craft_lodge,6084,Hodford Manor Lodge,,Camden,,,https://catalogue.wmlmt.org.uk/wiki/Metropolitan_Grand_Lodge_London,,
london_metropolitan,craft_lodge,6085,Portcullie Lodge,,Camden,,,https://catalogue.wmlmt.org.uk/wiki/Metropolitan_Grand_Lodge_London,,
london_metropolitan,craft_lodge,6088,Weir Hall Lodge,,Southgate,,,https://catalogue.wmlmt.org.uk/wiki/Metropolitan_Grand_Lodge_London,,
london_metropolitan,craft_lodge,6123,Lodge of Love and Friendship,,City,,,https://catalogue.wmlmt.org.uk/wiki/Metropolitan_Grand_Lodge_London,,
london_metropolitan,craft_lodge,6147,Planet Lodge,,Camden,,,https://catalogue.wmlmt.org.uk/wiki/Metropolitan_Grand_Lodge_London,,
london_metropolitan,craft_lodge,6150,Metallus Lodge,,Camden,,,https://catalogue.wmlmt.org.uk/wiki/Metropolitan_Grand_Lodge_London,,
london_metropolitan,craft_lodge,6152,Principia Lodge,,Camden,,,https://catalogue.wmlmt.org.uk/wiki/Metropolitan_Grand_Lodge_London,,
london_metropolitan,craft_lodge,6153,Rising Star Lodge,,Camden,,,https://catalogue.wmlmt.org.uk/wiki/Metropolitan_Grand_Lodge_London,,
london_metropolitan,craft_lodge,6178,Holy-Well Lodge,,Camden,,,https://catalogue.wmlmt.org.uk/wiki/Metropolitan_Grand_Lodge_London,,
london_metropolitan,craft_lodge,6190,St. Cecelia Lodge,,Camden,,,https://catalogue.wmlmt.org.uk/wiki/Metropolitan_Grand_Lodge_London,,
london_metropolitan,craft_lodge,6192,Lodge of Promise,,Camden,,,https://catalogue.wmlmt.org.uk/wiki/Metropolitan_Grand_Lodge_London,,
london_metropolitan,craft_lodge,6194,Isle of Thorney Lodge,,Westminster,,,https://catalogue.wmlmt.org.uk/wiki/Metropolitan_Grand_Lodge_London,,
london_metropolitan,craft_lodge,6196,Bishop Ridley Lodge,,Camden,,,https://catalogue.wmlmt.org.uk/wiki/Metropolitan_Grand_Lodge_London,,
london_metropolitan,craft_lodge,6198,Spencer Park Lodge,,Camden,,,https://catalogue.wmlmt.org.uk/wiki/Metropolitan_Grand_Lodge_London,,
london_metropolitan,craft_lodge,6223,Stilehall Lodge,,Ealing,,,https://catalogue.wmlmt.org.uk/wiki/Metropolitan_Grand_Lodge_London,,
london_metropolitan,craft_lodge,6224,Lodge of Love and Charity,,Croydon,,,https://catalogue.wmlmt.org.uk/wiki/Metropolitan_Grand_Lodge_London,,
london_metropolitan,craft_lodge,6225,Lodge of Proven Fellowship,,Camden,,,https://catalogue.wmlmt.org.uk/wiki/Metropolitan_Grand_Lodge_London,,
london_metropolitan,craft_lodge,6254,Cranbrook Lodge,,Camden,,,https://catalogue.wmlmt.org.uk/wiki/Metropolitan_Grand_Lodge_London,,
london_metropolitan,craft_lodge,6268,Lodge of Craftsmen,,Camden,,,https://catalogue.wmlmt.org.uk/wiki/Metropolitan_Grand_Lodge_London,,
london_metropolitan,craft_lodge,6269,Allied Arts Lodge,,Camden,,,https://catalogue.wmlmt.org.uk/wiki/Metropolitan_Grand_Lodge_London,,
london_metropolitan,craft_lodge,6271,Haymarket Lodge,,Camden,,,https://catalogue.wmlmt.org.uk/wiki/Metropolitan_Grand_Lodge_London,,
london_metropolitan,craft_lodge,6272,Fidentia et Lutine Lodge,,Camden,,,https://catalogue.wmlmt.org.uk/wiki/Metropolitan_Grand_Lodge_London,,
london_metropolitan,craft_lodge,6273,Saint Augustine Lodge of Contentment,,Camden,,,https://catalogue.wmlmt.org.uk/wiki/Metropolitan_Grand_Lodge_London,,
london_metropolitan,craft_lodge,6274,West Ealing Lodge,,Ealing,,,https://catalogue.wmlmt.org.uk/wiki/Metropolitan_Grand_Lodge_London,,
london_metropolitan,craft_lodge,6302,Tetragon Lodge,,Camden,,,https://catalogue.wmlmt.org.uk/wiki/Metropolitan_Grand_Lodge_London,,
london_metropolitan,craft_lodge,6305,Farriers Lodge,,City,,,https://catalogue.wmlmt.org.uk/wiki/Metropolitan_Grand_Lodge_London,,
london_metropolitan,craft_lodge,6306,Nile Valley Lodge,,Camden,,,https://catalogue.wmlmt.org.uk/wiki/Metropolitan_Grand_Lodge_London,,
london_metropolitan,craft_lodge,6325,Dependable Lodge,,Camden,,,https://catalogue.wmlmt.org.uk/wiki/Metropolitan_Grand_Lodge_London,,
london_metropolitan,craft_lodge,6368,Gradation Lodge,,Camden,,,https://catalogue.wmlmt.org.uk/wiki/Metropolitan_Grand_Lodge_London,,
london_metropolitan,craft_lodge,6369,Brecknock Lodge,,Camden,,,https://catalogue.wmlmt.org.uk/wiki/Metropolitan_Grand_Lodge_London,,
london_metropolitan,craft_lodge,6370,Lodge of New Hope,,Westminster,,,https://catalogue.wmlmt.org.uk/wiki/Metropolitan_Grand_Lodge_London,,
london_metropolitan,craft_lodge,6372,Lodge of Chivalry,,Camden,,,https://catalogue.wmlmt.org.uk/wiki/Metropolitan_Grand_Lodge_London,,
london_metropolitan,craft_lodge,6397,Cantium Lodge,,Camden,,,https://catalogue.wmlmt.org.uk/wiki/Metropolitan_Grand_Lodge_London,,
london_metropolitan,craft_lodge,6398,Jurist Lodge,,Camden,,,https://catalogue.wmlmt.org.uk/wiki/Metropolitan_Grand_Lodge_London,,
london_metropolitan,craft_lodge,6399,Beacon Light Lodge,,Camden,,,https://catalogue.wmlmt.org.uk/wiki/Metropolitan_Grand_Lodge_London,,
london_metropolitan,craft_lodge,6436,Ceylon Lodge,,Camden,,,https://catalogue.wmlmt.org.uk/wiki/Metropolitan_Grand_Lodge_London,,
london_metropolitan,craft_lodge,6452,Resurgam Lodge,,Camden,,,https://catalogue.wmlmt.org.uk/wiki/Metropolitan_Grand_Lodge_London,,
london_metropolitan,craft_lodge,6453,"St. Andrew’s, Stockwell Lodge",,Ealing,,,https://catalogue.wmlmt.org.uk/wiki/Metropolitan_Grand_Lodge_London,,
london_metropolitan,craft_lodge,6458,Pishon Lodge,,Tower Hamlets,,,https://catalogue.wmlmt.org.uk/wiki/Metropolitan_Grand_Lodge_London,,
london_metropolitan,craft_lodge,6461,North East Corner Lodge,,Westminster,,,https://catalogue.wmlmt.org.uk/wiki/Metropolitan_Grand_Lodge_London,,
london_metropolitan,craft_lodge,6481,Quoin Stene Lodge,,Camden,,,https://catalogue.wmlmt.org.uk/wiki/Metropolitan_Grand_Lodge_London,,
london_metropolitan,craft_lodge,6486,United Brethren Lodge,,Westminster,,,https://catalogue.wmlmt.org.uk/wiki/Metropolitan_Grand_Lodge_London,,
london_metropolitan,craft_lodge,6501,Peregrinus Lodge,,Southgate,,,https://catalogue.wmlmt.org.uk/wiki/Metropolitan_Grand_Lodge_London,,
london_metropolitan,craft_lodge,6505,Australia Lodge,,Camden,,,https://catalogue.wmlmt.org.uk/wiki/Metropolitan_Grand_Lodge_London,,
london_metropolitan,craft_lodge,6545,Oriel Lodge,,Camden,,,https://catalogue.wmlmt.org.uk/wiki/Metropolitan_Grand_Lodge_London,,
london_metropolitan,craft_lodge,6551,Clerestory Lodge,,Westminster,,,https://catalogue.wmlmt.org.uk/wiki/Metropolitan_Grand_Lodge_London,,
london_metropolitan,craft_lodge,6568,Light of Zion Lodge,,Southgate,,,https://catalogue.wmlmt.org.uk/wiki/Metropolitan_Grand_Lodge_London,,
london_metropolitan,craft_lodge,6598,Lodge of Good Intent,,Penge,,,https://catalogue.wmlmt.org.uk/wiki/Metropolitan_Grand_Lodge_London,,
london_metropolitan,craft_lodge,6602,Old Wilsonians Lodge,,Westminster,,,https://catalogue.wmlmt.org.uk/wiki/Metropolitan_Grand_Lodge_London,,
london_metropolitan,craft_lodge,6607,Lodge of Hospitality,,Camden,,,https://catalogue.wmlmt.org.uk/wiki/Metropolitan_Grand_Lodge_London,,
london_metropolitan,craft_lodge,6617,Stone Squarer Lodge,,Camden,,,https://catalogue.wmlmt.org.uk/wiki/Metropolitan_Grand_Lodge_London,,
london_metropolitan,craft_lodge,6618,Square and Level Lodge,,Ealing,,,https://catalogue.wmlmt.org.uk/wiki/Metropolitan_Grand_Lodge_London,,
london_metropolitan,craft_lodge,6635,Luminary Lodge,,Penge,,,https://catalogue.wmlmt.org.uk/wiki/Metropolitan_Grand_Lodge_London,,
london_metropolitan,craft_lodge,6638,Tothill Fields Lodge,,Westminster,,,https://catalogue.wmlmt.org.uk/wiki/Metropolitan_Grand_Lodge_London,,
london_metropolitan,craft_lodge,6640,Wendlesworth Lodge,,Westminster,,,https://catalogue.wmlmt.org.uk/wiki/Metropolitan_Grand_Lodge_London,,
london_metropolitan,craft_lodge,6648,Old Chigwellian Lodge,,Westminster,,,https://catalogue.wmlmt.org.uk/wiki/Metropolitan_Grand_Lodge_London,,
london_metropolitan,craft_lodge,6659,Liberal Arts Lodge,,City,,,https://catalogue.wmlmt.org.uk/wiki/Metropolitan_Grand_Lodge_London,,
london_metropolitan,craft_lodge,6662,Abbey Mills Lodge,,Southgate,,,https://catalogue.wmlmt.org.uk/wiki/Metropolitan_Grand_Lodge_London,,
london_metropolitan,craft_lodge,6682,Lodge of Faithful Service,,Camden,,,https://catalogue.wmlmt.org.uk/wiki/Metropolitan_Grand_Lodge_London,,
london_metropolitan,craft_lodge,6732,Arcturus Lodge,,Croydon,,,https://catalogue.wmlmt.org.uk/wiki/Metropolitan_Grand_Lodge_London,,
london_metropolitan,craft_lodge,6742,South Africa Lodge,,Camden,,,https://catalogue.wmlmt.org.uk/wiki/Metropolitan_Grand_Lodge_London,,
london_metropolitan,craft_lodge,6755,Border Stone Lodge,,Camden,,,https://catalogue.wmlmt.org.uk/wiki/Metropolitan_Grand_Lodge_London,,
london_metropolitan,craft_lodge,6763,Lambhythe Lodge,,Westminster,,,https://catalogue.wmlmt.org.uk/wiki/Metropolitan_Grand_Lodge_London,,
london_metropolitan,craft_lodge,6766,Shoreditch College Lodge,,Camden,,,https://catalogue.wmlmt.org.uk/wiki/Metropolitan_Grand_Lodge_London,,
london_metropolitan,craft_lodge,6778,Rectitude Secundus Lodge,,Camden,,,https://catalogue.wmlmt.org.uk/wiki/Metropolitan_Grand_Lodge_London,,
london_metropolitan,craft_lodge,6790,Clarondale Lodge,,Chingford,,,https://catalogue.wmlmt.org.uk/wiki/Metropolitan_Grand_Lodge_London,,
london_metropolitan,craft_lodge,6793,City Wall Lodge,,Chingford,,,https://catalogue.wmlmt.org.uk/wiki/Metropolitan_Grand_Lodge_London,,
london_metropolitan,craft_lodge,6799,Bruce Castle Lodge,,Camden,,,https://catalogue.wmlmt.org.uk/wiki/Metropolitan_Grand_Lodge_London,,
london_metropolitan,craft_lodge,6809,Christopher Wren Lodge,,Camden,,,https://catalogue.wmlmt.org.uk/wiki/Metropolitan_Grand_Lodge_London,,
london_metropolitan,craft_lodge,6820,Standard Lodge,,Westminster,,,https://catalogue.wmlmt.org.uk/wiki/Metropolitan_Grand_Lodge_London,,
london_metropolitan,craft_lodge,6821,Lodge of Mercy,,Camden,,,https://catalogue.wmlmt.org.uk/wiki/Metropolitan_Grand_Lodge_London,,
london_metropolitan,craft_lodge,6826,London Pride Lodge,,Camden,,,https://catalogue.wmlmt.org.uk/wiki/Metropolitan_Grand_Lodge_London,,
london_metropolitan,craft_lodge,6833,Queensway Lodge of Paddington,,Camden,,,https://catalogue.wmlmt.org.uk/wiki/Metropolitan_Grand_Lodge_London,,
london_metropolitan,craft_lodge,6853,Lodge of Faith for Duty,,Southgate,,,https://catalogue.wmlmt.org.uk/wiki/Metropolitan_Grand_Lodge_London,,
london_metropolitan,craft_lodge,6854,Aarheus Lodge,,Camden,,,https://catalogue.wmlmt.org.uk/wiki/Metropolitan_Grand_Lodge_London,,
london_metropolitan,craft_lodge,6871,Apex Lodge,,Camden,,,https://catalogue.wmlmt.org.uk/wiki/Metropolitan_Grand_Lodge_London,,
london_metropolitan,craft_lodge,6876,Poulters Lodge,,City,,,https://catalogue.wmlmt.org.uk/wiki/Metropolitan_Grand_Lodge_London,,
london_metropolitan,craft_lodge,6886,Langham Lodge,,Camden,,,https://catalogue.wmlmt.org.uk/wiki/Metropolitan_Grand_Lodge_London,,
london_metropolitan,craft_lodge,6923,Trincomalee Lodge,,Westminster,,,https://catalogue.wmlmt.org.uk/wiki/Metropolitan_Grand_Lodge_London,,
london_metropolitan,craft_lodge,6925,Kensington Park Lodge,,Ealing,,,https://catalogue.wmlmt.org.uk/wiki/Metropolitan_Grand_Lodge_London,,
london_metropolitan,craft_lodge,6945,Kingsbourne Lodge,,Camden,,,https://catalogue.wmlmt.org.uk/wiki/Metropolitan_Grand_Lodge_London,,
london_metropolitan,craft_lodge,6955,Balham Park Lodge,,Camden,,,https://catalogue.wmlmt.org.uk/wiki/Metropolitan_Grand_Lodge_London,,
london_metropolitan,craft_lodge,6961,New Brentford Lodge,,Ealing,,,https://catalogue.wmlmt.org.uk/wiki/Metropolitan_Grand_Lodge_London,,
london_metropolitan,craft_lodge,6966,Librarius Lodge,,Tower Hamlets,,,https://catalogue.wmlmt.org.uk/wiki/Metropolitan_Grand_Lodge_London,,
london_metropolitan,craft_lodge,6986,Old Askean Lodge,,Camden,,,https://catalogue.wmlmt.org.uk/wiki/Metropolitan_Grand_Lodge_London,,
london_metropolitan,craft_lodge,6991,Wellington Livery Masters Lodge,,Westminster,,,https://catalogue.wmlmt.org.uk/wiki/Metropolitan_Grand_Lodge_London,,
london_metropolitan,craft_lodge,6996,Tottenham Secundus Lodge,,Sidcup,,,https://catalogue.wmlmt.org.uk/wiki/Metropolitan_Grand_Lodge_London,,
london_metropolitan,craft_lodge,6997,Mozart Lodge,,Camden,,,https://catalogue.wmlmt.org.uk/wiki/Metropolitan_Grand_Lodge_London,,
london_metropolitan,craft_lodge,7026,Lodge of Unity and Fidelity,,Camden,,,https://catalogue.wmlmt.org.uk/wiki/Metropolitan_Grand_Lodge_London,,
london_metropolitan,craft_lodge,7038,Leyton-Lea Lodge,,Camden,,,https://catalogue.wmlmt.org.uk/wiki/Metropolitan_Grand_Lodge_London,,
london_metropolitan,craft_lodge,7056,New Jubilee Lodge,,Westminster,,,https://catalogue.wmlmt.org.uk/wiki/Metropolitan_Grand_Lodge_London,,
london_metropolitan,craft_lodge,7063,Sackville Lodge,,Camden,,,https://catalogue.wmlmt.org.uk/wiki/Metropolitan_Grand_Lodge_London,,
london_metropolitan,craft_lodge,7069,Brixistane Lodge,,Westminster,,,https://catalogue.wmlmt.org.uk/wiki/Metropolitan_Grand_Lodge_London,,
london_metropolitan,craft_lodge,7071,Lodge of Eastern Bon Accord,,Camden,,,https://catalogue.wmlmt.org.uk/wiki/Metropolitan_Grand_Lodge_London,,
london_metropolitan,craft_lodge,7077,Lodge of Friendship and Fidelity,,Kenton,,,https://catalogue.wmlmt.org.uk/wiki/Metropolitan_Grand_Lodge_London,,
london_metropolitan,craft_lodge,7087,Lodge of Good Intention,,Camden,,,https://catalogue.wmlmt.org.uk/wiki/Metropolitan_Grand_Lodge_London,,
london_metropolitan,craft_lodge,7090,Lodge of Attainment,,Camden,,,https://catalogue.wmlmt.org.uk/wiki/Metropolitan_Grand_Lodge_London,,
london_metropolitan,craft_lodge,7096,United Continuity Lodge,,Camden,,,https://catalogue.wmlmt.org.uk/wiki/Metropolitan_Grand_Lodge_London,,
london_metropolitan,craft_lodge,7152,Lodge of Hope,,Camden,,,https://catalogue.wmlmt.org.uk/wiki/Metropolitan_Grand_Lodge_London,,
london_metropolitan,craft_lodge,7166,Gunnhild Lodge,,Camden,,,https://catalogue.wmlmt.org.uk/wiki/Metropolitan_Grand_Lodge_London,,
london_metropolitan,craft_lodge,7175,Blacksmiths Lodge,,City,,,https://catalogue.wmlmt.org.uk/wiki/Metropolitan_Grand_Lodge_London,,
london_metropolitan,craft_lodge,7176,Lodge of Lorraine,,Kenton,,,https://catalogue.wmlmt.org.uk/wiki/Metropolitan_Grand_Lodge_London,,
london_metropolitan,craft_lodge,7184,United Companions Lodge,,Southgate,,,https://catalogue.wmlmt.org.uk/wiki/Metropolitan_Grand_Lodge_London,,
london_metropolitan,craft_lodge,7189,New Broomfield Lodge,,Ealing,,,https://catalogue.wmlmt.org.uk/wiki/Metropolitan_Grand_Lodge_London,,
london_metropolitan,craft_lodge,7197,St. Paul’s Column Lodge,,Westminster,,,https://catalogue.wmlmt.org.uk/wiki/Metropolitan_Grand_Lodge_London,,
london_metropolitan,craft_lodge,7209,Temple Porchway Lodge,,Camden,,,https://catalogue.wmlmt.org.uk/wiki/Metropolitan_Grand_Lodge_London,,
london_metropolitan,craft_lodge,7220,Colonnade Lodge,,Southgate,,,https://catalogue.wmlmt.org.uk/wiki/Metropolitan_Grand_Lodge_London,,
london_metropolitan,craft_lodge,7235,Henry of Auxerre Lodge,,Westminster,,,https://catalogue.wmlmt.org.uk/wiki/Metropolitan_Grand_Lodge_London,,
london_metropolitan,craft_lodge,7236,Torch Lodge,,Camden,,,https://catalogue.wmlmt.org.uk/wiki/Metropolitan_Grand_Lodge_London,,
london_metropolitan,craft_lodge,7255,Pathfinder Lodge,,Westminster,,,https://catalogue.wmlmt.org.uk/wiki/Metropolitan_Grand_Lodge_London,,
london_metropolitan,craft_lodge,7268,Lodge of Resolution,,Camden,,,https://catalogue.wmlmt.org.uk/wiki/Metropolitan_Grand_Lodge_London,,
london_metropolitan,craft_lodge,7270,Hellenic Lodge,,Camden,,,https://catalogue.wmlmt.org.uk/wiki/Metropolitan_Grand_Lodge_London,,
london_metropolitan,craft_lodge,7326,Lodge of Faith and Friendship,,Camden,,,https://catalogue.wmlmt.org.uk/wiki/Metropolitan_Grand_Lodge_London,,
london_metropolitan,craft_lodge,7330,Lodge of Fraternal Unity,,Camden,,,https://catalogue.wmlmt.org.uk/wiki/Metropolitan_Grand_Lodge_London,,
london_metropolitan,craft_lodge,7331,Fairchild St. Marylebone Lodge,,Camden,,,https://catalogue.wmlmt.org.uk/wiki/Metropolitan_Grand_Lodge_London,,
london_metropolitan,craft_lodge,7335,Royal Air Force Lodge,,Camden,,,https://catalogue.wmlmt.org.uk/wiki/Metropolitan_Grand_Lodge_London,,
london_metropolitan,craft_lodge,7343,Remigium Lodge,,Ealing,,,https://catalogue.wmlmt.org.uk/wiki/Metropolitan_Grand_Lodge_London,,
london_metropolitan,craft_lodge,7347,Lodge of Constant Trust,,Westminster,,,https://catalogue.wmlmt.org.uk/wiki/Metropolitan_Grand_Lodge_London,,
london_metropolitan,craft_lodge,7351,Camellia Thea Lodge,,Welling,,,https://catalogue.wmlmt.org.uk/wiki/Metropolitan_Grand_Lodge_London,,
london_metropolitan,craft_lodge,7357,Vigilantia Lodge,,Chingford,,,https://catalogue.wmlmt.org.uk/wiki/Metropolitan_Grand_Lodge_London,,
london_metropolitan,craft_lodge,7382,Clerk Maxwell Lodge,,Camden,,,https://catalogue.wmlmt.org.uk/wiki/Metropolitan_Grand_Lodge_London,,
london_metropolitan,craft_lodge,7390,Plaisterers Lodge,,City,,,https://catalogue.wmlmt.org.uk/wiki/Metropolitan_Grand_Lodge_London,,
london_metropolitan,craft_lodge,7412,Old Colfeians Lodge,,Greenwich,,,https://catalogue.wmlmt.org.uk/wiki/Metropolitan_Grand_Lodge_London,,
london_metropolitan,craft_lodge,7413,Parmiterian Lodge,,Camden,,,https://catalogue.wmlmt.org.uk/wiki/Metropolitan_Grand_Lodge_London,,
london_metropolitan,craft_lodge,7414,Peace and Friendship Lodge,,Camden,,,https://catalogue.wmlmt.org.uk/wiki/Metropolitan_Grand_Lodge_London,,
london_metropolitan,craft_lodge,7431,Crest of Mount Edgcumbe Lodge,,Westminster,,,https://catalogue.wmlmt.org.uk/wiki/Metropolitan_Grand_Lodge_London,,
london_metropolitan,craft_lodge,7446,East and Central Africa Lodge,,Camden,,,https://catalogue.wmlmt.org.uk/wiki/Metropolitan_Grand_Lodge_London,,
london_metropolitan,craft_lodge,7454,Terpsichore Lodge,,Camden,,,https://catalogue.wmlmt.org.uk/wiki/Metropolitan_Grand_Lodge_London,,
london_metropolitan,craft_lodge,7459,Evander Lodge,,Westminster,,,https://catalogue.wmlmt.org.uk/wiki/Metropolitan_Grand_Lodge_London,,
london_metropolitan,craft_lodge,7460,Stationers’ Company’s School Lodge,,Westminster,,,https://catalogue.wmlmt.org.uk/wiki/Metropolitan_Grand_Lodge_London,,
london_metropolitan,craft_lodge,7464,Euclid Lodge of Installed Masters,,Camden,,,https://catalogue.wmlmt.org.uk/wiki/Metropolitan_Grand_Lodge_London,,
london_metropolitan,craft_lodge,7495,Linnaean Lodge,,Camden,,,https://catalogue.wmlmt.org.uk/wiki/Metropolitan_Grand_Lodge_London,,
london_metropolitan,craft_lodge,7516,New Venture Lodge,,Camden,,,https://catalogue.wmlmt.org.uk/wiki/Metropolitan_Grand_Lodge_London,,
london_metropolitan,craft_lodge,7539,Lodge of Guiding Light,,Camden,,,https://catalogue.wmlmt.org.uk/wiki/Metropolitan_Grand_Lodge_London,,
london_metropolitan,craft_lodge,7566,Loyalty and Friendship Lodge,,Camden,,,https://catalogue.wmlmt.org.uk/wiki/Metropolitan_Grand_Lodge_London,,
london_metropolitan,craft_lodge,7582,Certified Accountants Lodge,,Camden,,,https://catalogue.wmlmt.org.uk/wiki/Metropolitan_Grand_Lodge_London,,
london_metropolitan,craft_lodge,7587,Elms Lodge,,Camden,,,https://catalogue.wmlmt.org.uk/wiki/Metropolitan_Grand_Lodge_London,,
london_metropolitan,craft_lodge,7603,Castrum Lodge,,Camden,,,https://catalogue.wmlmt.org.uk/wiki/Metropolitan_Grand_Lodge_London,,
london_metropolitan,craft_lodge,7606,Star of David Lodge,,Camden,,,https://catalogue.wmlmt.org.uk/wiki/Metropolitan_Grand_Lodge_London,,
london_metropolitan,craft_lodge,7607,Lodge of Saint Bartholomew the Less,,Camden,,,https://catalogue.wmlmt.org.uk/wiki/Metropolitan_Grand_Lodge_London,,
london_metropolitan,craft_lodge,7618,Prospect Lodge,,Camden,,,https://catalogue.wmlmt.org.uk/wiki/Metropolitan_Grand_Lodge_London,,
london_metropolitan,craft_lodge,7619,Round Table Lodge,,Westminster,,,https://catalogue.wmlmt.org.uk/wiki/Metropolitan_Grand_Lodge_London,,
london_metropolitan,craft_lodge,7651,Gresham Lodge,,Southgate,,,https://catalogue.wmlmt.org.uk/wiki/Metropolitan_Grand_Lodge_London,,
london_metropolitan,craft_lodge,7665,Zetland and Hong Kong Lodge,,Camden,,,https://catalogue.wmlmt.org.uk/wiki/Metropolitan_Grand_Lodge_London,,
london_metropolitan,craft_lodge,7673,Morning Star Lodge,,Westminster,,,https://catalogue.wmlmt.org.uk/wiki/Metropolitan_Grand_Lodge_London,,
london_metropolitan,craft_lodge,7688,Cryptic Lodge,,City,,,https://catalogue.wmlmt.org.uk/wiki/Metropolitan_Grand_Lodge_London,,
london_metropolitan,craft_lodge,7691,Friendship from Service Lodge,,Camden,,,https://catalogue.wmlmt.org.uk/wiki/Metropolitan_Grand_Lodge_London,,
london_metropolitan,craft_lodge,7715,John Snow Lodge,,Westminster,,,https://catalogue.wmlmt.org.uk/wiki/Metropolitan_Grand_Lodge_London,,
london_metropolitan,craft_lodge,7726,Old Foresters’ Lodge,,Camden,,,https://catalogue.wmlmt.org.uk/wiki/Metropolitan_Grand_Lodge_London,,
london_metropolitan,craft_lodge,7746,Lodge of Illumination,,Westminster,,,https://catalogue.wmlmt.org.uk/wiki/Metropolitan_Grand_Lodge_London,,
london_metropolitan,craft_lodge,7747,Ancora Rubra Lodge,,Camden,,,https://catalogue.wmlmt.org.uk/wiki/Metropolitan_Grand_Lodge_London,,
london_metropolitan,craft_lodge,7752,Lodge of Fraternal Goodwill,,Camden,,,https://catalogue.wmlmt.org.uk/wiki/Metropolitan_Grand_Lodge_London,,
london_metropolitan,craft_lodge,7757,Enfield Grammar School Lodge,,Southgate,,,https://catalogue.wmlmt.org.uk/wiki/Metropolitan_Grand_Lodge_London,,
london_metropolitan,craft_lodge,7781,Isis Lodge,,Camden,,,https://catalogue.wmlmt.org.uk/wiki/Metropolitan_Grand_Lodge_London,,
london_metropolitan,craft_lodge,7783,Eros Lodge,,Ealing,,,https://catalogue.wmlmt.org.uk/wiki/Metropolitan_Grand_Lodge_London,,
london_metropolitan,craft_lodge,7804,New Garden Lodge,,Southgate,,,https://catalogue.wmlmt.org.uk/wiki/Metropolitan_Grand_Lodge_London,,
london_metropolitan,craft_lodge,7817,New Camberwell Lodge,,Camden,,,https://catalogue.wmlmt.org.uk/wiki/Metropolitan_Grand_Lodge_London,,
london_metropolitan,craft_lodge,7820,Phaethon Lodge,,Camden,,,https://catalogue.wmlmt.org.uk/wiki/Metropolitan_Grand_Lodge_London,,
london_metropolitan,craft_lodge,7865,Lodge of Simplicity,,Westminster,,,https://catalogue.wmlmt.org.uk/wiki/Metropolitan_Grand_Lodge_London,,
london_metropolitan,craft_lodge,7874,Caternarian Lodge,,Westminster,,,https://catalogue.wmlmt.org.uk/wiki/Metropolitan_Grand_Lodge_London,,
london_metropolitan,craft_lodge,7926,Shield of David Lodge,,Southgate,,,https://catalogue.wmlmt.org.uk/wiki/Metropolitan_Grand_Lodge_London,,
london_metropolitan,craft_lodge,7950,Portico Lodge,,Camden,,,https://catalogue.wmlmt.org.uk/wiki/Metropolitan_Grand_Lodge_London,,
london_metropolitan,craft_lodge,7971,Lodge of Perfect Light,,Kenton,,,https://catalogue.wmlmt.org.uk/wiki/Metropolitan_Grand_Lodge_London,,
london_metropolitan,craft_lodge,7972,London Edenside Lodge,,Westminster,,,https://catalogue.wmlmt.org.uk/wiki/Metropolitan_Grand_Lodge_London,,
london_metropolitan,craft_lodge,8003,Sua Tela Tonanti Lodge,,Camden,,,https://catalogue.wmlmt.org.uk/wiki/Metropolitan_Grand_Lodge_London,,
london_metropolitan,craft_lodge,8040,Radio Fraternity Lodge,,Camden,,,https://catalogue.wmlmt.org.uk/wiki/Metropolitan_Grand_Lodge_London,,
london_metropolitan,craft_lodge,8043,Lodge of Uprightness,,Ealing,,,https://catalogue.wmlmt.org.uk/wiki/Metropolitan_Grand_Lodge_London,,
london_metropolitan,craft_lodge,8055,Cloth Fair Lodge,,Camden,,,https://catalogue.wmlmt.org.uk/wiki/Metropolitan_Grand_Lodge_London,,
london_metropolitan,craft_lodge,8061,Spirit of Friendship Lodge,,Camden,,,https://catalogue.wmlmt.org.uk/wiki/Metropolitan_Grand_Lodge_London,,
london_metropolitan,craft_lodge,8062,Falcon Lodge,,Camden,,,https://catalogue.wmlmt.org.uk/wiki/Metropolitan_Grand_Lodge_London,,
london_metropolitan,craft_lodge,8065,Architrave Lodge,,Chingford,,,https://catalogue.wmlmt.org.uk/wiki/Metropolitan_Grand_Lodge_London,,
london_metropolitan,craft_lodge,8076,Lodge of Perfect Harmony,,Ealing,,,https://catalogue.wmlmt.org.uk/wiki/Metropolitan_Grand_Lodge_London,,
london_metropolitan,craft_lodge,8097,Watermeads Lodge,,Camden,,,https://catalogue.wmlmt.org.uk/wiki/Metropolitan_Grand_Lodge_London,,
london_metropolitan,craft_lodge,8107,Fleet River Lodge,,Camden,,,https://catalogue.wmlmt.org.uk/wiki/Metropolitan_Grand_Lodge_London,,
london_metropolitan,craft_lodge,8108,Terminus Lodge,,Tower Hamlets,,,https://catalogue.wmlmt.org.uk/wiki/Metropolitan_Grand_Lodge_London,,
london_metropolitan,craft_lodge,8220,City of London Lodge of Installed Masters,,City,,,https://catalogue.wmlmt.org.uk/wiki/Metropolitan_Grand_Lodge_London,,
london_metropolitan,craft_lodge,8237,Semper Amicus Lodge,,Camden,,,https://catalogue.wmlmt.org.uk/wiki/Metropolitan_Grand_Lodge_London,,
london_metropolitan,craft_lodge,8260,Cupressus Lodge,,Camden,,,https://catalogue.wmlmt.org.uk/wiki/Metropolitan_Grand_Lodge_London,,
london_metropolitan,craft_lodge,8279,Pro Arte Lodge,,Camden,,,https://catalogue.wmlmt.org.uk/wiki/Metropolitan_Grand_Lodge_London,,
london_metropolitan,craft_lodge,8294,May Fair Lodge,,Westminster,,,https://catalogue.wmlmt.org.uk/wiki/Metropolitan_Grand_Lodge_London,,
london_metropolitan,craft_lodge,8295,St. Eligius Lodge,,Westminster,,,https://catalogue.wmlmt.org.uk/wiki/Metropolitan_Grand_Lodge_London,,
london_metropolitan,craft_lodge,8306,Forest Ridge Lodge,,Southgate,,,https://catalogue.wmlmt.org.uk/wiki/Metropolitan_Grand_Lodge_London,,
london_metropolitan,craft_lodge,8324,Desaguliers Lodge,,Welling,,,https://catalogue.wmlmt.org.uk/wiki/Metropolitan_Grand_Lodge_London,,
london_metropolitan,craft_lodge,8353,Haringey Manor Lodge,,Southgate,,,https://catalogue.wmlmt.org.uk/wiki/Metropolitan_Grand_Lodge_London,,
london_metropolitan,craft_lodge,8356,Savoy Lodge,,Westminster,,,https://catalogue.wmlmt.org.uk/wiki/Metropolitan_Grand_Lodge_London,,
london_metropolitan,craft_lodge,8360,Lodge of Moral Precepts,,Camden,,,https://catalogue.wmlmt.org.uk/wiki/Metropolitan_Grand_Lodge_London,,
london_metropolitan,craft_lodge,8382,Absalom at Home Lodge,,Camden,,,https://catalogue.wmlmt.org.uk/wiki/Metropolitan_Grand_Lodge_London,,
london_metropolitan,craft_lodge,8415,Athenian Lodge,,Westminster,,,https://catalogue.wmlmt.org.uk/wiki/Metropolitan_Grand_Lodge_London,,
london_metropolitan,craft_lodge,8436,Vine Lodge,,Camden,,,https://catalogue.wmlmt.org.uk/wiki/Metropolitan_Grand_Lodge_London,,
london_metropolitan,craft_lodge,8448,Red Scarf Lodge,,Camden,,,https://catalogue.wmlmt.org.uk/wiki/Metropolitan_Grand_Lodge_London,,
london_metropolitan,craft_lodge,8494,Barbican Lodge,,Camden,,,https://catalogue.wmlmt.org.uk/wiki/Metropolitan_Grand_Lodge_London,,
london_metropolitan,craft_lodge,8523,Lodge of Merit,,Camden,,,https://catalogue.wmlmt.org.uk/wiki/Metropolitan_Grand_Lodge_London,,
london_metropolitan,craft_lodge,8595,Kypros Lodge,,Camden,,,https://catalogue.wmlmt.org.uk/wiki/Metropolitan_Grand_Lodge_London,,
london_metropolitan,craft_lodge,8602,Per Caelum Lodge,,City,,,https://catalogue.wmlmt.org.uk/wiki/Metropolitan_Grand_Lodge_London,,
london_metropolitan,craft_lodge,8627,Borough of Newham Lodge,,Camden,,,https://catalogue.wmlmt.org.uk/wiki/Metropolitan_Grand_Lodge_London,,
london_metropolitan,craft_lodge,8649,Lodge of Brotherly Union,,Westminster,,,https://catalogue.wmlmt.org.uk/wiki/Metropolitan_Grand_Lodge_London,,
london_metropolitan,craft_lodge,8672,Plough Lodge,,Ilford,,,https://catalogue.wmlmt.org.uk/wiki/Metropolitan_Grand_Lodge_London,,
london_metropolitan,craft_lodge,8675,Equator Lodge,,Ealing,,,https://catalogue.wmlmt.org.uk/wiki/Metropolitan_Grand_Lodge_London,,
london_metropolitan,craft_lodge,8686,Memor et Fidelis Lodge,,Camden,,,https://catalogue.wmlmt.org.uk/wiki/Metropolitan_Grand_Lodge_London,,
london_metropolitan,craft_lodge,8731,Lodge of Paul’s Wharf,,City,,,https://catalogue.wmlmt.org.uk/wiki/Metropolitan_Grand_Lodge_London,,
london_metropolitan,craft_lodge,8823,New Silver Jubilee Lodge,,Westminster,,,https://catalogue.wmlmt.org.uk/wiki/Metropolitan_Grand_Lodge_London,,
london_metropolitan,craft_lodge,8830,Tergere Lodge,,City,,,https://catalogue.wmlmt.org.uk/wiki/Metropolitan_Grand_Lodge_London,,
london_metropolitan,craft_lodge,8925,Certa Cito Lodge,,Camden,,,https://catalogue.wmlmt.org.uk/wiki/Metropolitan_Grand_Lodge_London,,
london_metropolitan,craft_lodge,8954,Chelsea Manor Lodge,,Camden,,,https://catalogue.wmlmt.org.uk/wiki/Metropolitan_Grand_Lodge_London,,
london_metropolitan,craft_lodge,8980,Roentgen Lodge,,Camden,,,https://catalogue.wmlmt.org.uk/wiki/Metropolitan_Grand_Lodge_London,,
london_metropolitan,craft_lodge,8993,Mount Sinai Lodge,,Camden,,,https://catalogue.wmlmt.org.uk/wiki/Metropolitan_Grand_Lodge_London,,
london_metropolitan,craft_lodge,8997,British Sub-Aqua Lodge,,Camden,,,https://catalogue.wmlmt.org.uk/wiki/Metropolitan_Grand_Lodge_London,,
london_metropolitan,craft_lodge,9002,Stowe Lodge,,Westminster,,,https://catalogue.wmlmt.org.uk/wiki/Metropolitan_Grand_Lodge_London,,
london_metropolitan,craft_lodge,9006,King Harold Lodge,,Chingford,,,https://catalogue.wmlmt.org.uk/wiki/Metropolitan_Grand_Lodge_London,,
london_metropolitan,craft_lodge,9047,Lodge of Protection,,Westminster,,,https://catalogue.wmlmt.org.uk/wiki/Metropolitan_Grand_Lodge_London,,
london_metropolitan,craft_lodge,9077,Public Schools Installed Masters' Lodge,,Camden,,,https://catalogue.wmlmt.org.uk/wiki/Metropolitan_Grand_Lodge_London,,
london_metropolitan,craft_lodge,9086,Lodge of Brotherhood and Friendship,,Camden,,,https://catalogue.wmlmt.org.uk/wiki/Metropolitan_Grand_Lodge_London,,
london_metropolitan,craft_lodge,9100,Sure and Stedfast Lodge of the King’s Messenger,,Camden,,,https://catalogue.wmlmt.org.uk/wiki/Metropolitan_Grand_Lodge_London,,
london_metropolitan,craft_lodge,9113,Salvos Securus Lodge,,Westminster,,,https://catalogue.wmlmt.org.uk/wiki/Metropolitan_Grand_Lodge_London,,
london_metropolitan,craft_lodge,9179,Manor of St James's Lodge,,Westminster,,,https://catalogue.wmlmt.org.uk/wiki/Metropolitan_Grand_Lodge_London,,
london_metropolitan,craft_lodge,9183,Deep Ford Lodge,,Camden,,,https://catalogue.wmlmt.org.uk/wiki/Metropolitan_Grand_Lodge_London,,
london_metropolitan,craft_lodge,9184,Abbey of St John Lodge,,Camden,,,https://catalogue.wmlmt.org.uk/wiki/Metropolitan_Grand_Lodge_London,,
london_metropolitan,craft_lodge,9200,Lodge of Upright Intentions,,Kenton,,,https://catalogue.wmlmt.org.uk/wiki/Metropolitan_Grand_Lodge_London,,
london_metropolitan,craft_lodge,9207,New Morning Lodge,,Westminster,,,https://catalogue.wmlmt.org.uk/wiki/Metropolitan_Grand_Lodge_London,,
london_metropolitan,craft_lodge,9237,Hand of Charity Lodge,,Camden,,,https://catalogue.wmlmt.org.uk/wiki/Metropolitan_Grand_Lodge_London,,
london_metropolitan,craft_lodge,9269,Lodge of the Double Horizon,,Camden,,,https://catalogue.wmlmt.org.uk/wiki/Metropolitan_Grand_Lodge_London,,
london_metropolitan,craft_lodge,9304,Aedes Christi Lodge,,Camden,,,https://catalogue.wmlmt.org.uk/wiki/Metropolitan_Grand_Lodge_London,,
london_metropolitan,craft_lodge,9315,Parachute Regiment Lodge,,Camden,,,https://catalogue.wmlmt.org.uk/wiki/Metropolitan_Grand_Lodge_London,,
london_metropolitan,craft_lodge,9354,Izaac Walton Lodge,,Camden,,,https://catalogue.wmlmt.org.uk/wiki/Metropolitan_Grand_Lodge_London,,
london_metropolitan,craft_lodge,9379,Scrutator Lodge,,Camden,,,https://catalogue.wmlmt.org.uk/wiki/Metropolitan_Grand_Lodge_London,,
london_metropolitan,craft_lodge,9416,Anglo Sierra Leone Lodge,,Camden,,,https://catalogue.wmlmt.org.uk/wiki/Metropolitan_Grand_Lodge_London,,
london_metropolitan,craft_lodge,9424,Lodge of the West Indies,,Camden,,,https://catalogue.wmlmt.org.uk/wiki/Metropolitan_Grand_Lodge_London,,
london_metropolitan,craft_lodge,9557,South East London Lodge of Installed Masters,,Penge,,,https://catalogue.wmlmt.org.uk/wiki/Metropolitan_Grand_Lodge_London,,
london_metropolitan,craft_lodge,9593,Lodge of International Lights,,Camden,,,https://catalogue.wmlmt.org.uk/wiki/Metropolitan_Grand_Lodge_London,,
london_metropolitan,craft_lodge,9626,Guyana Lodge,,Camden,,,https://catalogue.wmlmt.org.uk/wiki/Metropolitan_Grand_Lodge_London,,
london_metropolitan,craft_lodge,9627,West London Lodge of Installed Masters,,Ealing,,,https://catalogue.wmlmt.org.uk/wiki/Metropolitan_Grand_Lodge_London,,
london_metropolitan,craft_lodge,9628,Clerkenwell Lodge of Installed Masters,,Camden,,,https://catalogue.wmlmt.org.uk/wiki/Metropolitan_Grand_Lodge_London,,
london_metropolitan,craft_lodge,9646,Mahajan Lodge,,Camden,,,https://catalogue.wmlmt.org.uk/wiki/Metropolitan_Grand_Lodge_London,,
london_metropolitan,craft_lodge,9650,Cito Lodge,,City,,,https://catalogue.wmlmt.org.uk/wiki/Metropolitan_Grand_Lodge_London,,
london_metropolitan,craft_lodge,9669,Millfield Lodge,,Camden,,,https://catalogue.wmlmt.org.uk/wiki/Metropolitan_Grand_Lodge_London,,
london_metropolitan,craft_lodge,9752,Shotokan Karate Lodge,,Camden,,,https://catalogue.wmlmt.org.uk/wiki/Metropolitan_Grand_Lodge_London,,
london_metropolitan,craft_lodge,9772,Canonbury Tower Lodge,,Islington,,,https://catalogue.wmlmt.org.uk/wiki/Metropolitan_Grand_Lodge_London,,
london_metropolitan,craft_lodge,9784,North London Installed Masters Lodge,,Southgate,,,https://catalogue.wmlmt.org.uk/wiki/Metropolitan_Grand_Lodge_London,,
london_metropolitan,craft_lodge,9812,Metropolitan Grand Stewards' Lodge,,Camden,,,https://catalogue.wmlmt.org.uk/wiki/Metropolitan_Grand_Lodge_London,,
london_metropolitan,craft_lodge,9834,Mulberry Lodge,,Westminster,,,https://catalogue.wmlmt.org.uk/wiki/Metropolitan_Grand_Lodge_London,,
london_metropolitan,craft_lodge,9835,Gavel and Staff Lodge,,Camden,,,https://catalogue.wmlmt.org.uk/wiki/Metropolitan_Grand_Lodge_London,,
london_metropolitan,craft_lodge,9842,Gates of Heaven Lodge,,City,,,https://catalogue.wmlmt.org.uk/wiki/Metropolitan_Grand_Lodge_London,,
london_metropolitan,craft_lodge,9856,Sine Favore Lodge,,Westminster,,,https://catalogue.wmlmt.org.uk/wiki/Metropolitan_Grand_Lodge_London,,
london_metropolitan,craft_lodge,9857,Welsh Installed Masters Lodge,,Westminster,,,https://catalogue.wmlmt.org.uk/wiki/Metropolitan_Grand_Lodge_London,,
london_metropolitan,craft_lodge,9890,City Gate Lodge,,City,,,https://catalogue.wmlmt.org.uk/wiki/Metropolitan_Grand_Lodge_London,,
london_metropolitan,craft_lodge,9938,David Kenneth Williamson Lodge,,Camden,,,https://catalogue.wmlmt.org.uk/wiki/Metropolitan_Grand_Lodge_London,,
london_metropolitan,craft_lodge,10000,Lodge Sine Nomine,,Camden,,,https://catalogue.wmlmt.org.uk/wiki/Metropolitan_Grand_Lodge_London,,
